ticket_id,customer_id,ticket_text,category,priority,escalation_risk
TKT-000001,9889-TMAHG,My connection drops every 39 hours. I've already restarted my router.,Network,Low,0.4209
TKT-000002,4572-DVCGN,I was promised a discount of $127/month but my bill still shows full price.,Billing,High,0.5536
TKT-000003,3115-JPJDD,My auto-payment failed. Please confirm the status for $475 due on 19 Mar 2026.,Billing,Low,0.4005
TKT-000004,5448-VWNAM,My bill for February seems incorrect. I was charged $305 but my plan is $163.,Billing,Low,0.3441
TKT-000005,3050-GBUSH,Video calls keep freezing. Upload speed is only 9 Mbps on a 196 plan.,Network,Low,0.183
TKT-000006,5716-LIBJC,Total outage in Port Jesseville since 16 Mar 2026. When will service be restored?,Network,High,0.7915
TKT-000007,2778-OCLGR,The battery backup on my router depletes in 21 minutes — it used to last hours.,Hardware,High,0.6664
TKT-000008,3318-OSATS,Why does my bill show an extra data overage charge of $420 this cycle?,Billing,High,0.6751
TKT-000009,5966-EMAZU,The ping to international servers is 723ms — far worse than usual.,Network,Low,0.1948
TKT-000010,3137-LUPIX,I want to dispute a late fee of $374 that appeared on my latest bill.,Billing,Low,0.2576
TKT-000011,6432-TWQLB,My auto-payment failed. Please confirm the status for $324 due on 13 Apr 2026.,Billing,Low,0.2298
TKT-000012,2974-GGUXS,The ping to international servers is 115ms — far worse than usual.,Network,High,0.7744
TKT-000013,6877-LGWXO,Why does my bill show an extra data overage charge of $187 this cycle?,Billing,High,0.6254
TKT-000014,4229-CZMLL,I noticed a duplicate charge of $296 on my account dated 14 Feb 2026.,Billing,High,0.688
TKT-000015,1813-JYWTO,WiFi keeps disconnecting on all 9 devices. ISP modem lights look normal.,Network,High,0.6052
TKT-000016,4139-DETXS,My connection drops every 15 hours. I've already restarted my router.,Network,Low,0.2295
TKT-000017,2398-YPMUR,I want to dispute a late fee of $137 that appeared on my latest bill.,Billing,Low,0.2941
TKT-000018,5922-ABDVO,My 5G signal is extremely weak even with full bars showing on my handset.,Network,Low,0.1723
TKT-000019,0531-XBKMM,My modem (XG-1108) isn't detected by the technician's mobile app.,Hardware,Low,0.3897
TKT-000020,3914-FDRHP,Please help me understand my itemised charges totalling $200.,Billing,High,0.6211
TKT-000021,0794-YVSGE,I received a faulty ONT device. It's not syncing and LED shows red.,Hardware,Low,0.3653
TKT-000022,8884-ADFVN,Video calls keep freezing. Upload speed is only 15 Mbps on a 60 plan.,Network,High,0.5741
TKT-000023,9146-JRIOX,Why does my bill show an extra data overage charge of $195 this cycle?,Billing,Low,0.4397
TKT-000024,0772-GYEQQ,Why does my bill show an extra data overage charge of $104 this cycle?,Billing,High,0.7126
TKT-000025,9851-QXEEQ,I received a faulty ONT device. It's not syncing and LED shows red.,Hardware,High,0.6724
TKT-000026,3621-CEOVK,I never received my invoice for December. Please resend to jmorton@example.org.,Billing,High,0.4681
TKT-000027,0254-WWRKD,Please help me understand my itemised charges totalling $163.,Billing,Low,0.2634
TKT-000028,8938-UMKPI,I noticed a duplicate charge of $240 on my account dated 26 Jun 2026.,Billing,High,0.4153
TKT-000029,6641-XRPSU,The battery backup on my router depletes in 16 minutes — it used to last hours.,Hardware,Low,0.154
TKT-000030,6849-WLEYG,WiFi keeps disconnecting on all 9 devices. ISP modem lights look normal.,Network,Low,0.3891
TKT-000031,3398-FSHON,The battery backup on my router depletes in 15 minutes — it used to last hours.,Hardware,Low,0.3607
TKT-000032,2262-SLNVK,My 5G signal is extremely weak even with full bars showing on my handset.,Network,Low,0.4886
TKT-000033,1839-FBNFR,Video calls keep freezing. Upload speed is only 8 Mbps on a 35 plan.,Network,Low,0.264
TKT-000034,0422-OHQHQ,The optical port on my router is damaged and blinking red.,Hardware,High,0.5297
TKT-000035,7005-CYUIL,I noticed a duplicate charge of $345 on my account dated 10 Feb 2026.,Billing,High,0.5643
TKT-000036,1984-GPTEH,I've been experiencing slow internet speeds in Kington for the past 28 days.,Network,Low,0.2163
TKT-000037,7824-PANSQ,I received a faulty ONT device. It's not syncing and LED shows red.,Hardware,High,0.4455
TKT-000038,5449-FIBXJ,Total outage in New Barry since 21 Jun 2026. When will service be restored?,Network,Low,0.3165
TKT-000039,7596-LDUXP,I received a faulty ONT device. It's not syncing and LED shows red.,Hardware,Low,0.1794
TKT-000040,9474-PHLYD,My 5G signal is extremely weak even with full bars showing on my handset.,Network,High,0.6844
TKT-000041,2017-CCBLH,The ping to international servers is 740ms — far worse than usual.,Network,Low,0.303
TKT-000042,5327-XOKKY,I want to dispute a late fee of $155 that appeared on my latest bill.,Billing,High,0.6914
TKT-000043,5543-QDCRY,Please help me understand my itemised charges totalling $326.,Billing,Low,0.3451
TKT-000044,0377-JBKKT,My bill for September seems incorrect. I was charged $105 but my plan is $56.,Billing,High,0.5093
TKT-000045,1091-SOZGA,Please help me understand my itemised charges totalling $121.,Billing,High,0.6913
TKT-000046,5370-IIVVL,My bill for November seems incorrect. I was charged $146 but my plan is $130.,Billing,Low,0.3817
TKT-000047,7872-RDDLZ,My auto-payment failed. Please confirm the status for $207 due on 09 May 2026.,Billing,Low,0.2356
TKT-000048,9470-RTWDV,I was promised a discount of $358/month but my bill still shows full price.,Billing,High,0.5009
TKT-000049,4495-LHSSK,My 5G signal is extremely weak even with full bars showing on my handset.,Network,Low,0.3889
TKT-000050,6876-ADESB,I want to dispute a late fee of $309 that appeared on my latest bill.,Billing,High,0.4489
TKT-000051,1173-NOEYG,My auto-payment failed. Please confirm the status for $90 due on 02 Feb 2026.,Billing,Low,0.17
TKT-000052,6244-BESBM,I noticed a duplicate charge of $74 on my account dated 19 Mar 2026.,Billing,High,0.4026
TKT-000053,5505-OVWQW,Why does my bill show an extra data overage charge of $380 this cycle?,Billing,High,0.6754
TKT-000054,4255-DDUOU,My modem (XG-3627) isn't detected by the technician's mobile app.,Hardware,Low,0.3327
TKT-000055,9681-KYGYB,WiFi keeps disconnecting on all 10 devices. ISP modem lights look normal.,Network,High,0.6968
TKT-000056,9073-ZZIAY,Packet loss is at 47% causing issues with online gaming and work VPN.,Network,Low,0.4233
TKT-000057,0112-QWPNC,I never received my invoice for August. Please resend to maryramirez@example.net.,Billing,Low,0.2606
TKT-000058,9480-BQJEI,I've been experiencing slow internet speeds in East Edwardfurt for the past 16 days.,Network,Low,0.3491
TKT-000059,1431-CYWMH,I want to dispute a late fee of $35 that appeared on my latest bill.,Billing,Low,0.1489
TKT-000060,7661-CPURM,My bill for September seems incorrect. I was charged $194 but my plan is $172.,Billing,High,0.4401
TKT-000061,8270-RKSAP,One of the ethernet ports on the router stopped working after a power cut.,Hardware,Low,0.3339
TKT-000062,7450-NWRTR,Total outage in South Matthewfurt since 23 Aug 2026. When will service be restored?,Network,High,0.6149
TKT-000063,3678-MNGZX,My connection drops every 26 hours. I've already restarted my router.,Network,Low,0.3478
TKT-000064,0495-RVCBF,Packet loss is at 45% causing issues with online gaming and work VPN.,Network,Low,0.4177
TKT-000065,6950-TWMYB,Screen on my managed WiFi extender is cracked after delivery. Need replacement.,Hardware,Low,0.3222
TKT-000066,9577-WJVCQ,My 5G signal is extremely weak even with full bars showing on my handset.,Network,Low,0.3438
TKT-000067,6603-QWSPR,I want to dispute a late fee of $480 that appeared on my latest bill.,Billing,Low,0.2957
TKT-000068,6260-ONULR,I never received my invoice for October. Please resend to stevenscott@example.com.,Billing,Low,0.2064
TKT-000069,8701-DGLVH,My auto-payment failed. Please confirm the status for $385 due on 14 Feb 2026.,Billing,Low,0.1108
TKT-000070,1226-IENZN,I was promised a discount of $50/month but my bill still shows full price.,Billing,High,0.5529
TKT-000071,4745-LSPLO,My bill for March seems incorrect. I was charged $334 but my plan is $191.,Billing,Low,0.1751
TKT-000072,9462-MJUAW,My modem (XG-2475) isn't detected by the technician's mobile app.,Hardware,High,0.543
TKT-000073,2884-GBPFB,Screen on my managed WiFi extender is cracked after delivery. Need replacement.,Hardware,High,0.6987
TKT-000074,2662-NNTDK,I was promised a discount of $406/month but my bill still shows full price.,Billing,Low,0.1819
TKT-000075,1971-DTCZB,Total outage in South Jason since 17 Sep 2026. When will service be restored?,Network,Low,0.1704
TKT-000076,8610-ZIKJJ,Why does my bill show an extra data overage charge of $188 this cycle?,Billing,Low,0.1985
TKT-000077,7957-RYHQD,My SIM card appears to be defective — ICCID shows error on two different handsets.,Hardware,Low,0.2028
TKT-000078,4110-PFEUZ,Total outage in Elizabethstad since 07 Jan 2026. When will service be restored?,Network,Low,0.3817
TKT-000079,4827-USJHP,Why does my bill show an extra data overage charge of $117 this cycle?,Billing,Low,0.295
TKT-000080,5868-CZJDR,My bill for September seems incorrect. I was charged $202 but my plan is $179.,Billing,High,0.6744
TKT-000081,7196-LIWRH,My 5G signal is extremely weak even with full bars showing on my handset.,Network,Low,0.3825
TKT-000082,1089-HDMKP,I was promised a discount of $128/month but my bill still shows full price.,Billing,Low,0.2422
TKT-000083,2650-GYRYL,WiFi keeps disconnecting on all 9 devices. ISP modem lights look normal.,Network,Low,0.4349
TKT-000084,3780-YVMFA,The battery backup on my router depletes in 13 minutes — it used to last hours.,Hardware,Low,0.1584
TKT-000085,5044-XDPYX,My bill for April seems incorrect. I was charged $493 but my plan is $172.,Billing,Low,0.1079
TKT-000086,1043-YCUTE,My auto-payment failed. Please confirm the status for $223 due on 22 Jul 2026.,Billing,High,0.4315
TKT-000087,1298-PHBTI,I received a faulty ONT device. It's not syncing and LED shows red.,Hardware,Low,0.3528
TKT-000088,9068-FHQHD,Video calls keep freezing. Upload speed is only 4 Mbps on a 47 plan.,Network,High,0.6117
TKT-000089,7580-UGXNC,I want to dispute a late fee of $236 that appeared on my latest bill.,Billing,High,0.4564
TKT-000090,9933-QRGTX,I want to dispute a late fee of $320 that appeared on my latest bill.,Billing,Low,0.2754
TKT-000091,7994-XIRTR,Please help me understand my itemised charges totalling $78.,Billing,High,0.4533
TKT-000092,6086-ESGRL,Video calls keep freezing. Upload speed is only 14 Mbps on a 79 plan.,Network,High,0.6937
TKT-000093,8388-DMKAE,Total outage in Port Katelynfort since 12 Aug 2026. When will service be restored?,Network,Low,0.3062
TKT-000094,0848-SOMKO,I've been experiencing slow internet speeds in Waltersfort for the past 24 days.,Network,Low,0.2834
TKT-000095,2478-EEWWM,My bill for March seems incorrect. I was charged $276 but my plan is $57.,Billing,Low,0.2055
TKT-000096,3181-MIZBN,I was promised a discount of $274/month but my bill still shows full price.,Billing,High,0.6206
TKT-000097,9430-NKQLY,One of the ethernet ports on the router stopped working after a power cut.,Hardware,Low,0.2266
TKT-000098,8812-ZRHFP,Video calls keep freezing. Upload speed is only 18 Mbps on a 179 plan.,Network,High,0.4807
TKT-000099,6979-TNDEU,My SIM card appears to be defective — ICCID shows error on two different handsets.,Hardware,Low,0.1413
TKT-000100,1162-ECVII,My SIM card appears to be defective — ICCID shows error on two different handsets.,Hardware,High,0.7367
TKT-000101,9833-TGFHX,I never received my invoice for October. Please resend to robert77@example.org.,Billing,Low,0.418
TKT-000102,7055-JCGNI,WiFi keeps disconnecting on all 6 devices. ISP modem lights look normal.,Network,Low,0.3949
TKT-000103,1122-JWTJW,WiFi keeps disconnecting on all 9 devices. ISP modem lights look normal.,Network,Low,0.2431
TKT-000104,2024-BASKD,I've been experiencing slow internet speeds in Mollybury for the past 9 days.,Network,Low,0.4892
TKT-000105,1564-HJUVY,My bill for November seems incorrect. I was charged $84 but my plan is $38.,Billing,High,0.6726
TKT-000106,1866-OBPNR,Video calls keep freezing. Upload speed is only 20 Mbps on a 102 plan.,Network,High,0.7009
TKT-000107,4626-GYCZP,My bill for October seems incorrect. I was charged $57 but my plan is $106.,Billing,High,0.5573
TKT-000108,4159-NAAIX,My connection drops every 34 hours. I've already restarted my router.,Network,High,0.5453
TKT-000109,5271-DBYSJ,My connection drops every 46 hours. I've already restarted my router.,Network,Low,0.1837
TKT-000110,9258-CNWAC,The battery backup on my router depletes in 24 minutes — it used to last hours.,Hardware,High,0.7159
TKT-000111,5668-MEISB,One of the ethernet ports on the router stopped working after a power cut.,Hardware,Low,0.2595
TKT-000112,4455-BFSPD,Why does my bill show an extra data overage charge of $296 this cycle?,Billing,High,0.4708
TKT-000113,1685-VAYJF,Packet loss is at 26% causing issues with online gaming and work VPN.,Network,Low,0.2571
TKT-000114,8217-QYOHV,Why does my bill show an extra data overage charge of $482 this cycle?,Billing,Low,0.3027
TKT-000115,3714-XPXBW,The battery backup on my router depletes in 11 minutes — it used to last hours.,Hardware,Low,0.1619
TKT-000116,2369-UAPKZ,The battery backup on my router depletes in 23 minutes — it used to last hours.,Hardware,Low,0.3998
TKT-000117,2303-PJYHN,I was promised a discount of $105/month but my bill still shows full price.,Billing,High,0.6655
TKT-000118,8735-IJJEG,Packet loss is at 16% causing issues with online gaming and work VPN.,Network,Low,0.4018
TKT-000119,0487-CRLZF,I've been experiencing slow internet speeds in Alyssaview for the past 29 days.,Network,Low,0.3012
TKT-000120,4283-FUTGF,I never received my invoice for July. Please resend to robin74@example.net.,Billing,Low,0.3196
TKT-000121,8584-KMVXD,I've been experiencing slow internet speeds in Christopherfurt for the past 22 days.,Network,Low,0.3544
TKT-000122,9786-YWNHU,My 5G signal is extremely weak even with full bars showing on my handset.,Network,Low,0.3774
TKT-000123,3336-JORSO,WiFi keeps disconnecting on all 2 devices. ISP modem lights look normal.,Network,Low,0.1796
TKT-000124,6695-AMZUF,Packet loss is at 41% causing issues with online gaming and work VPN.,Network,Low,0.2955
TKT-000125,2691-NZETQ,Please help me understand my itemised charges totalling $35.,Billing,Low,0.1146
TKT-000126,9777-WJJPR,Please help me understand my itemised charges totalling $325.,Billing,High,0.5729
TKT-000127,9878-TNQGW,I noticed a duplicate charge of $426 on my account dated 08 Jun 2026.,Billing,Low,0.2155
TKT-000128,8399-YNDCH,One of the ethernet ports on the router stopped working after a power cut.,Hardware,High,0.4506
TKT-000129,7074-IEVOJ,The battery backup on my router depletes in 17 minutes — it used to last hours.,Hardware,High,0.4362
TKT-000130,2452-MRMZF,The optical port on my router is damaged and blinking amber.,Hardware,High,0.6057
TKT-000131,3977-QCRSL,I never received my invoice for May. Please resend to ramireztracey@example.org.,Billing,High,0.4597
TKT-000132,6645-MXQJT,My auto-payment failed. Please confirm the status for $98 due on 11 Jan 2026.,Billing,Low,0.4238
TKT-000133,6500-JVEGC,My SIM card appears to be defective — ICCID shows error on two different handsets.,Hardware,Low,0.3034
TKT-000134,9715-SBVSU,My set-top box (model XG-3444) reboots randomly every 9 hours.,Hardware,Low,0.2214
TKT-000135,3771-PZOBW,I was promised a discount of $325/month but my bill still shows full price.,Billing,Low,0.3068
TKT-000136,7610-TVOPG,My connection drops every 33 hours. I've already restarted my router.,Network,Low,0.158
TKT-000137,1452-KIOVK,Why does my bill show an extra data overage charge of $66 this cycle?,Billing,High,0.7355
TKT-000138,7593-XFKDI,The ping to international servers is 242ms — far worse than usual.,Network,Low,0.3188
TKT-000139,2612-PHGOX,My 5G signal is extremely weak even with full bars showing on my handset.,Network,Low,0.424
TKT-000140,8461-EFQYM,I noticed a duplicate charge of $80 on my account dated 01 Mar 2026.,Billing,Low,0.129
TKT-000141,6060-QBMGV,WiFi keeps disconnecting on all 9 devices. ISP modem lights look normal.,Network,Low,0.3203
TKT-000142,7036-TYDEC,The ping to international servers is 681ms — far worse than usual.,Network,Low,0.3217
TKT-000143,5915-ANOEI,I noticed a duplicate charge of $82 on my account dated 12 Feb 2026.,Billing,High,0.7282
TKT-000144,0947-IDHRQ,The optical port on my router is damaged and blinking amber.,Hardware,Low,0.3001
TKT-000145,0968-GSIKN,WiFi keeps disconnecting on all 2 devices. ISP modem lights look normal.,Network,High,0.6157
TKT-000146,4480-QQRHC,I want to dispute a late fee of $41 that appeared on my latest bill.,Billing,High,0.4934
TKT-000147,2324-AALNO,Video calls keep freezing. Upload speed is only 9 Mbps on a 49 plan.,Network,High,0.566
TKT-000148,4523-WXCEF,My connection drops every 38 hours. I've already restarted my router.,Network,High,0.6322
TKT-000149,3349-ANQNH,My auto-payment failed. Please confirm the status for $258 due on 16 Jun 2026.,Billing,High,0.5536
TKT-000150,8498-XXGWA,I was promised a discount of $131/month but my bill still shows full price.,Billing,Low,0.1076
TKT-000151,1585-MQSSU,The optical port on my router is damaged and blinking red.,Hardware,Low,0.3892
TKT-000152,2805-AUFQN,The ping to international servers is 395ms — far worse than usual.,Network,Low,0.4637
TKT-000153,1518-OMDIK,I've been experiencing slow internet speeds in South Andrewmouth for the past 21 days.,Network,Low,0.1991
TKT-000154,2453-SAFNS,My connection drops every 26 hours. I've already restarted my router.,Network,Low,0.3439
TKT-000155,2824-MYYBN,I never received my invoice for August. Please resend to zwarren@example.com.,Billing,Low,0.138
TKT-000156,4462-CYWMH,Please help me understand my itemised charges totalling $189.,Billing,Low,0.3353
TKT-000157,8676-OOQEJ,My auto-payment failed. Please confirm the status for $496 due on 09 Feb 2026.,Billing,Low,0.1984
TKT-000158,1470-PSXNM,Video calls keep freezing. Upload speed is only 9 Mbps on a 58 plan.,Network,High,0.6808
TKT-000159,9821-BESNZ,Why does my bill show an extra data overage charge of $141 this cycle?,Billing,Low,0.3544
TKT-000160,0872-NXJYS,I want to dispute a late fee of $101 that appeared on my latest bill.,Billing,High,0.669
TKT-000161,3639-XJHKQ,I was promised a discount of $121/month but my bill still shows full price.,Billing,Low,0.1377
TKT-000162,2988-GBIVW,My 5G signal is extremely weak even with full bars showing on my handset.,Network,Low,0.4706
TKT-000163,8879-XUAHX,I never received my invoice for November. Please resend to nwarren@example.org.,Billing,Low,0.1806
TKT-000164,6508-NJYRO,The optical port on my router is damaged and blinking red.,Hardware,Low,0.1131
TKT-000165,9921-ZVRHG,Screen on my managed WiFi extender is cracked after delivery. Need replacement.,Hardware,High,0.5942
TKT-000166,9659-QEQSY,I never received my invoice for October. Please resend to collinsnicholas@example.com.,Billing,High,0.5298
TKT-000167,5982-PSMKW,Please help me understand my itemised charges totalling $386.,Billing,Low,0.3904
TKT-000168,7781-EWARA,My 5G signal is extremely weak even with full bars showing on my handset.,Network,Low,0.4329
TKT-000169,7657-DYEPJ,I noticed a duplicate charge of $118 on my account dated 29 Jul 2026.,Billing,Low,0.211
TKT-000170,6595-YGXIT,I never received my invoice for January. Please resend to jenniferwilliams@example.com.,Billing,High,0.7335
TKT-000171,7989-CHGTL,One of the ethernet ports on the router stopped working after a power cut.,Hardware,High,0.5018
TKT-000172,8969-PRHFK,Total outage in Burchborough since 21 Jun 2026. When will service be restored?,Network,Low,0.3303
TKT-000173,9436-ZBZCT,I've been experiencing slow internet speeds in Angelaville for the past 11 days.,Network,Low,0.2396
TKT-000174,9058-CBREO,Video calls keep freezing. Upload speed is only 2 Mbps on a 92 plan.,Network,High,0.7776
TKT-000175,3030-ZKIWL,My set-top box (model XG-3079) reboots randomly every 6 hours.,Hardware,Low,0.1576
TKT-000176,3338-CVVEH,I want to dispute a late fee of $277 that appeared on my latest bill.,Billing,High,0.4157
TKT-000177,3727-OVPRY,I want to dispute a late fee of $188 that appeared on my latest bill.,Billing,Low,0.2523
TKT-000178,5331-RGMTT,Total outage in New Shelby since 27 Aug 2026. When will service be restored?,Network,High,0.7973
TKT-000179,0112-QWPNC,Video calls keep freezing. Upload speed is only 12 Mbps on a 41 plan.,Network,High,0.7621
TKT-000180,7729-JTEEC,WiFi keeps disconnecting on all 2 devices. ISP modem lights look normal.,Network,Low,0.412
TKT-000181,3627-FHKBK,Total outage in Lopezland since 25 Feb 2026. When will service be restored?,Network,Low,0.4618
TKT-000182,3566-HJGPK,My connection drops every 13 hours. I've already restarted my router.,Network,Low,0.4627
TKT-000183,8221-HVAYI,My modem (XG-4181) isn't detected by the technician's mobile app.,Hardware,Low,0.2816
TKT-000184,8337-MSSXB,My auto-payment failed. Please confirm the status for $181 due on 14 Aug 2026.,Billing,High,0.5106
TKT-000185,8174-TBVCF,Video calls keep freezing. Upload speed is only 20 Mbps on a 117 plan.,Network,Low,0.4202
TKT-000186,3605-JISKB,Please help me understand my itemised charges totalling $451.,Billing,High,0.6316
TKT-000187,6741-EGCBI,My modem (XG-8711) isn't detected by the technician's mobile app.,Hardware,Low,0.2308
TKT-000188,7777-UNYHB,My bill for February seems incorrect. I was charged $227 but my plan is $165.,Billing,High,0.4331
TKT-000189,3679-XASPY,I was promised a discount of $496/month but my bill still shows full price.,Billing,Low,0.3614
TKT-000190,9067-YGSCA,Video calls keep freezing. Upload speed is only 19 Mbps on a 147 plan.,Network,High,0.5419
TKT-000191,6184-DYUOB,Packet loss is at 45% causing issues with online gaming and work VPN.,Network,High,0.7779
TKT-000192,1465-WCZVT,I was promised a discount of $395/month but my bill still shows full price.,Billing,Low,0.1843
TKT-000193,4029-HPFVY,Why does my bill show an extra data overage charge of $464 this cycle?,Billing,High,0.443
TKT-000194,2498-XLDZR,The optical port on my router is damaged and blinking orange.,Hardware,Low,0.3909
TKT-000195,2485-ITVKB,Packet loss is at 22% causing issues with online gaming and work VPN.,Network,Low,0.2036
TKT-000196,6986-IXNDM,The optical port on my router is damaged and blinking amber.,Hardware,High,0.4627
TKT-000197,0114-IGABW,My connection drops every 5 hours. I've already restarted my router.,Network,Low,0.3598
TKT-000198,1060-ENTOF,My bill for June seems incorrect. I was charged $160 but my plan is $136.,Billing,High,0.7061
TKT-000199,1744-JHKYS,One of the ethernet ports on the router stopped working after a power cut.,Hardware,High,0.4688
TKT-000200,2669-QVCRG,The battery backup on my router depletes in 9 minutes — it used to last hours.,Hardware,Low,0.2086
TKT-000201,5448-VWNAM,One of the ethernet ports on the router stopped working after a power cut.,Hardware,High,0.6721
TKT-000202,4238-HFHSN,I received a faulty ONT device. It's not syncing and LED shows red.,Hardware,Low,0.4401
TKT-000203,2088-IEBAU,The battery backup on my router depletes in 15 minutes — it used to last hours.,Hardware,Low,0.2753
TKT-000204,4102-OQUPX,I never received my invoice for September. Please resend to marcusfletcher@example.com.,Billing,High,0.4504
TKT-000205,8967-SZQAS,WiFi keeps disconnecting on all 6 devices. ISP modem lights look normal.,Network,Low,0.1549
TKT-000206,0961-ZWLVI,I never received my invoice for July. Please resend to donnale@example.net.,Billing,Low,0.1804
TKT-000207,8671-KKKOS,My connection drops every 40 hours. I've already restarted my router.,Network,High,0.4961
TKT-000208,4560-WQAQW,My auto-payment failed. Please confirm the status for $308 due on 29 Aug 2026.,Billing,Low,0.3372
TKT-000209,0114-IGABW,I was promised a discount of $109/month but my bill still shows full price.,Billing,High,0.4426
TKT-000210,9347-AERRL,Screen on my managed WiFi extender is cracked after delivery. Need replacement.,Hardware,High,0.5772
TKT-000211,7156-MHUGY,Please help me understand my itemised charges totalling $389.,Billing,Low,0.343
TKT-000212,7596-ZYWBB,Video calls keep freezing. Upload speed is only 11 Mbps on a 107 plan.,Network,Low,0.3534
TKT-000213,5366-IJEQJ,My 5G signal is extremely weak even with full bars showing on my handset.,Network,High,0.5199
TKT-000214,2984-MIIZL,I've been experiencing slow internet speeds in Harperfort for the past 27 days.,Network,High,0.7314
TKT-000215,8779-QRDMV,I received a faulty ONT device. It's not syncing and LED shows red.,Hardware,Low,0.3504
TKT-000216,0231-LXVAP,My modem (XG-8872) isn't detected by the technician's mobile app.,Hardware,Low,0.3586
TKT-000217,4139-DETXS,WiFi keeps disconnecting on all 4 devices. ISP modem lights look normal.,Network,High,0.4959
TKT-000218,8800-JOOCF,Video calls keep freezing. Upload speed is only 12 Mbps on a 71 plan.,Network,Low,0.1933
TKT-000219,4302-ZYFEL,I noticed a duplicate charge of $273 on my account dated 23 Feb 2026.,Billing,High,0.7246
TKT-000220,9546-KDTRB,I want to dispute a late fee of $148 that appeared on my latest bill.,Billing,Low,0.2392
TKT-000221,7089-XXAYG,My SIM card appears to be defective — ICCID shows error on two different handsets.,Hardware,Low,0.2053
TKT-000222,7524-VRLPL,My connection drops every 5 hours. I've already restarted my router.,Network,Low,0.321
TKT-000223,3043-TYBNO,Video calls keep freezing. Upload speed is only 17 Mbps on a 143 plan.,Network,Low,0.382
TKT-000224,6908-VVYHM,Video calls keep freezing. Upload speed is only 10 Mbps on a 66 plan.,Network,Low,0.4845
TKT-000225,2661-GKBTK,I noticed a duplicate charge of $49 on my account dated 03 Jul 2026.,Billing,Low,0.2003
TKT-000226,0899-LIIBW,I've been experiencing slow internet speeds in Ericaview for the past 30 days.,Network,Low,0.4737
TKT-000227,8332-OSJDW,Total outage in West Kellie since 08 Jul 2026. When will service be restored?,Network,Low,0.1587
TKT-000228,5298-GSTLM,My modem (XG-4138) isn't detected by the technician's mobile app.,Hardware,Low,0.2943
TKT-000229,8033-VCZGH,My bill for January seems incorrect. I was charged $381 but my plan is $55.,Billing,Low,0.3219
TKT-000230,3523-BRGUW,I received a faulty ONT device. It's not syncing and LED shows red.,Hardware,Low,0.1371
TKT-000231,6137-NICCO,I noticed a duplicate charge of $276 on my account dated 28 Sep 2026.,Billing,Low,0.1491
TKT-000232,3030-YZADT,I want to dispute a late fee of $243 that appeared on my latest bill.,Billing,Low,0.2467
TKT-000233,2235-DWLJU,My connection drops every 24 hours. I've already restarted my router.,Network,Low,0.4882
TKT-000234,5442-UTCVD,My connection drops every 26 hours. I've already restarted my router.,Network,Low,0.3586
TKT-000235,9490-DFPMD,I was promised a discount of $72/month but my bill still shows full price.,Billing,Low,0.4266
TKT-000236,6726-NNFWD,I was promised a discount of $258/month but my bill still shows full price.,Billing,Low,0.3815
TKT-000237,8294-UIMBA,I received a faulty ONT device. It's not syncing and LED shows red.,Hardware,Low,0.2636
TKT-000238,5550-VFRLC,Why does my bill show an extra data overage charge of $88 this cycle?,Billing,Low,0.3747
TKT-000239,3275-RHRNE,WiFi keeps disconnecting on all 2 devices. ISP modem lights look normal.,Network,Low,0.1562
TKT-000240,8903-WMRNW,WiFi keeps disconnecting on all 10 devices. ISP modem lights look normal.,Network,High,0.4882
TKT-000241,5196-WPYOW,The ping to international servers is 682ms — far worse than usual.,Network,High,0.7403
TKT-000242,5759-RCVCB,Video calls keep freezing. Upload speed is only 16 Mbps on a 44 plan.,Network,High,0.7289
TKT-000243,2651-ZCBXV,I've been experiencing slow internet speeds in Milesfort for the past 12 days.,Network,Low,0.2314
TKT-000244,0635-WKOLD,The battery backup on my router depletes in 7 minutes — it used to last hours.,Hardware,Low,0.2858
TKT-000245,9067-YGSCA,I noticed a duplicate charge of $182 on my account dated 08 Aug 2026.,Billing,Low,0.3121
TKT-000246,5997-OPVFA,WiFi keeps disconnecting on all 3 devices. ISP modem lights look normal.,Network,Low,0.4537
TKT-000247,4632-PAOYU,My auto-payment failed. Please confirm the status for $182 due on 22 Jan 2026.,Billing,Low,0.3111
TKT-000248,0628-CNQRM,I noticed a duplicate charge of $440 on my account dated 09 Jan 2026.,Billing,Low,0.2444
TKT-000249,6683-VLCTZ,My connection drops every 5 hours. I've already restarted my router.,Network,Low,0.281
TKT-000250,4554-YGZIH,I want to dispute a late fee of $268 that appeared on my latest bill.,Billing,Low,0.2491
TKT-000251,6416-TVAIH,Please help me understand my itemised charges totalling $353.,Billing,Low,0.3282
TKT-000252,8194-PEEBY,My 5G signal is extremely weak even with full bars showing on my handset.,Network,Low,0.4536
TKT-000253,4280-DLSHD,I never received my invoice for May. Please resend to joshuapineda@example.net.,Billing,Low,0.2589
TKT-000254,2405-LBMUW,The ping to international servers is 715ms — far worse than usual.,Network,Low,0.2367
TKT-000255,1689-MRZQR,My modem (XG-7914) isn't detected by the technician's mobile app.,Hardware,Low,0.1828
TKT-000256,3500-NSDOA,I received a faulty ONT device. It's not syncing and LED shows red.,Hardware,Low,0.3611
TKT-000257,9776-CLUJA,My bill for February seems incorrect. I was charged $38 but my plan is $51.,Billing,Low,0.3858
TKT-000258,7142-HVGBG,I never received my invoice for June. Please resend to ufloyd@example.net.,Billing,Low,0.1368
TKT-000259,0701-RFGFI,I noticed a duplicate charge of $405 on my account dated 13 Mar 2026.,Billing,Low,0.1233
TKT-000260,5848-FHRFC,One of the ethernet ports on the router stopped working after a power cut.,Hardware,Low,0.3081
TKT-000261,7801-KICAO,My SIM card appears to be defective — ICCID shows error on two different handsets.,Hardware,High,0.4512
TKT-000262,6202-DYYFX,My set-top box (model XG-2999) reboots randomly every 36 hours.,Hardware,Low,0.3886
TKT-000263,7750-EYXWZ,Please help me understand my itemised charges totalling $208.,Billing,Low,0.2086
TKT-000264,1552-CZCLL,Why does my bill show an extra data overage charge of $460 this cycle?,Billing,High,0.4504
TKT-000265,9430-NKQLY,The optical port on my router is damaged and blinking orange.,Hardware,Low,0.4223
TKT-000266,6823-SIDFQ,I've been experiencing slow internet speeds in Lake Dustin for the past 21 days.,Network,Low,0.2079
TKT-000267,8294-UIMBA,My 5G signal is extremely weak even with full bars showing on my handset.,Network,High,0.5497
TKT-000268,9938-ZREHM,I received a faulty ONT device. It's not syncing and LED shows red.,Hardware,High,0.4538
TKT-000269,3567-PQTSO,The ping to international servers is 762ms — far worse than usual.,Network,High,0.4904
TKT-000270,2014-MKGMH,I never received my invoice for August. Please resend to duranrobert@example.net.,Billing,Low,0.1074
TKT-000271,9117-SHLZX,My set-top box (model XG-4121) reboots randomly every 30 hours.,Hardware,Low,0.1194
TKT-000272,0623-EJQEG,Please help me understand my itemised charges totalling $205.,Billing,High,0.4611
TKT-000273,9236-NDUCW,Video calls keep freezing. Upload speed is only 20 Mbps on a 104 plan.,Network,Low,0.1687
TKT-000274,8805-JNRAZ,I received a faulty ONT device. It's not syncing and LED shows red.,Hardware,Low,0.3069
TKT-000275,1386-ZIKUV,My bill for June seems incorrect. I was charged $36 but my plan is $115.,Billing,High,0.6383
TKT-000276,8966-OIQHG,I was promised a discount of $164/month but my bill still shows full price.,Billing,High,0.5378
TKT-000277,2126-GSEGL,Why does my bill show an extra data overage charge of $459 this cycle?,Billing,Low,0.2113
TKT-000278,8216-AZUUZ,I've been experiencing slow internet speeds in New Douglas for the past 28 days.,Network,High,0.6266
TKT-000279,9501-UKKNL,I never received my invoice for November. Please resend to evansanne@example.net.,Billing,Low,0.4063
TKT-000280,0732-OCQOC,Total outage in Brianchester since 30 May 2026. When will service be restored?,Network,Low,0.4479
TKT-000281,3569-JFODW,Packet loss is at 12% causing issues with online gaming and work VPN.,Network,Low,0.1652
TKT-000282,5499-ECUTN,I never received my invoice for April. Please resend to jperez@example.com.,Billing,Low,0.1635
TKT-000283,9360-OMDZZ,Video calls keep freezing. Upload speed is only 4 Mbps on a 49 plan.,Network,High,0.5329
TKT-000284,5177-RVZNU,I noticed a duplicate charge of $438 on my account dated 04 Sep 2026.,Billing,Low,0.1873
TKT-000285,2302-ANTDP,I've been experiencing slow internet speeds in Garcialand for the past 21 days.,Network,Low,0.3499
TKT-000286,7399-QHBJS,One of the ethernet ports on the router stopped working after a power cut.,Hardware,Low,0.2457
TKT-000287,4425-OWHWB,Screen on my managed WiFi extender is cracked after delivery. Need replacement.,Hardware,Low,0.1172
TKT-000288,5574-NXZIU,I was promised a discount of $386/month but my bill still shows full price.,Billing,Low,0.2308
TKT-000289,9473-CBZOP,WiFi keeps disconnecting on all 3 devices. ISP modem lights look normal.,Network,High,0.6333
TKT-000290,7107-UBYKY,I was promised a discount of $332/month but my bill still shows full price.,Billing,Low,0.1356
TKT-000291,8062-YBDOE,I noticed a duplicate charge of $158 on my account dated 10 Sep 2026.,Billing,High,0.6917
TKT-000292,8710-YGLWG,My 5G signal is extremely weak even with full bars showing on my handset.,Network,Low,0.1682
TKT-000293,8573-JGCZW,My 5G signal is extremely weak even with full bars showing on my handset.,Network,High,0.7737
TKT-000294,6563-VRERX,I noticed a duplicate charge of $223 on my account dated 24 Apr 2026.,Billing,Low,0.1347
TKT-000295,9207-ZPANB,My connection drops every 44 hours. I've already restarted my router.,Network,Low,0.4453
TKT-000296,8597-CWYHH,Video calls keep freezing. Upload speed is only 13 Mbps on a 152 plan.,Network,High,0.7659
TKT-000297,5590-BYNII,The ping to international servers is 295ms — far worse than usual.,Network,High,0.7928
TKT-000298,6496-JDSSB,My auto-payment failed. Please confirm the status for $256 due on 17 Jun 2026.,Billing,High,0.6807
TKT-000299,8873-GLDMH,Please help me understand my itemised charges totalling $85.,Billing,Low,0.3728
TKT-000300,5312-UXESG,My modem (XG-8074) isn't detected by the technician's mobile app.,Hardware,Low,0.3249
TKT-000301,0708-LGSMF,One of the ethernet ports on the router stopped working after a power cut.,Hardware,Low,0.3726
TKT-000302,3969-GYXEL,I've been experiencing slow internet speeds in Mullenbury for the past 11 days.,Network,Low,0.1971
TKT-000303,7113-HIPFI,The battery backup on my router depletes in 21 minutes — it used to last hours.,Hardware,High,0.5876
TKT-000304,6016-LVTJQ,Packet loss is at 13% causing issues with online gaming and work VPN.,Network,High,0.63
TKT-000305,4770-QAZXN,Why does my bill show an extra data overage charge of $417 this cycle?,Billing,High,0.7002
TKT-000306,4690-LLKUA,I never received my invoice for November. Please resend to orose@example.com.,Billing,Low,0.262
TKT-000307,6648-INWPS,Why does my bill show an extra data overage charge of $356 this cycle?,Billing,High,0.5348
TKT-000308,8361-LBRDI,My modem (XG-9444) isn't detected by the technician's mobile app.,Hardware,Low,0.3238
TKT-000309,2382-BCKQJ,I've been experiencing slow internet speeds in Lopezside for the past 26 days.,Network,Low,0.2433
TKT-000310,4291-HPAXL,The optical port on my router is damaged and blinking orange.,Hardware,Low,0.1489
TKT-000311,2612-PHGOX,The battery backup on my router depletes in 14 minutes — it used to last hours.,Hardware,High,0.5673
TKT-000312,7181-OQCUT,I never received my invoice for June. Please resend to acohen@example.net.,Billing,High,0.5459
TKT-000313,2233-TXSIU,My auto-payment failed. Please confirm the status for $80 due on 12 Jan 2026.,Billing,Low,0.1814
TKT-000314,0547-HURJB,My bill for June seems incorrect. I was charged $377 but my plan is $162.,Billing,High,0.5286
TKT-000315,8597-CTXVJ,I've been experiencing slow internet speeds in West Nancy for the past 5 days.,Network,Low,0.2782
TKT-000316,1998-VHJHK,One of the ethernet ports on the router stopped working after a power cut.,Hardware,High,0.5146
TKT-000317,9365-SRSZE,WiFi keeps disconnecting on all 3 devices. ISP modem lights look normal.,Network,Low,0.2828
TKT-000318,3696-DFHHB,Video calls keep freezing. Upload speed is only 3 Mbps on a 168 plan.,Network,Low,0.39
TKT-000319,7845-URHJN,I never received my invoice for September. Please resend to stephanie81@example.org.,Billing,Low,0.2039
TKT-000320,3915-ODIYG,My set-top box (model XG-3043) reboots randomly every 41 hours.,Hardware,High,0.7321
TKT-000321,0129-KPTWJ,My set-top box (model XG-4831) reboots randomly every 48 hours.,Hardware,High,0.7207
TKT-000322,3113-IWHLC,I received a faulty ONT device. It's not syncing and LED shows red.,Hardware,Low,0.2683
TKT-000323,3138-BKYAV,I received a faulty ONT device. It's not syncing and LED shows red.,Hardware,Low,0.2149
TKT-000324,2259-OUUSZ,The optical port on my router is damaged and blinking orange.,Hardware,Low,0.2874
TKT-000325,5693-PIPCS,Please help me understand my itemised charges totalling $384.,Billing,High,0.697
TKT-000326,2034-CGRHZ,My connection drops every 31 hours. I've already restarted my router.,Network,High,0.6784
TKT-000327,0781-LKXBR,I noticed a duplicate charge of $199 on my account dated 16 Sep 2026.,Billing,Low,0.3815
TKT-000328,7021-XSNYE,My SIM card appears to be defective — ICCID shows error on two different handsets.,Hardware,High,0.5865
TKT-000329,8143-ETQTI,My set-top box (model XG-8411) reboots randomly every 5 hours.,Hardware,High,0.6215
TKT-000330,0315-LVCRK,My SIM card appears to be defective — ICCID shows error on two different handsets.,Hardware,Low,0.2009
TKT-000331,4659-NZRUF,The optical port on my router is damaged and blinking orange.,Hardware,Low,0.3572
TKT-000332,4987-GQWPO,Please help me understand my itemised charges totalling $386.,Billing,Low,0.1708
TKT-000333,9978-HYCIN,Total outage in Kimberlytown since 24 Feb 2026. When will service be restored?,Network,Low,0.3932
TKT-000334,9046-JBFWA,I never received my invoice for October. Please resend to aprilhicks@example.net.,Billing,Low,0.4013
TKT-000335,5028-GZLDO,Screen on my managed WiFi extender is cracked after delivery. Need replacement.,Hardware,Low,0.1462
TKT-000336,7168-HDQHG,One of the ethernet ports on the router stopped working after a power cut.,Hardware,Low,0.315
TKT-000337,0447-RXSGD,I was promised a discount of $357/month but my bill still shows full price.,Billing,Low,0.1333
TKT-000338,4611-ANLQC,I received a faulty ONT device. It's not syncing and LED shows red.,Hardware,Low,0.354
TKT-000339,6379-RXJRQ,The ping to international servers is 666ms — far worse than usual.,Network,High,0.4796
TKT-000340,6347-DCUIK,My auto-payment failed. Please confirm the status for $477 due on 01 Jun 2026.,Billing,Low,0.4276
TKT-000341,1513-XNPPH,WiFi keeps disconnecting on all 4 devices. ISP modem lights look normal.,Network,Low,0.1981
TKT-000342,4804-NCPET,Please help me understand my itemised charges totalling $31.,Billing,Low,0.4356
TKT-000343,1013-QCWAM,I want to dispute a late fee of $439 that appeared on my latest bill.,Billing,Low,0.3803
TKT-000344,1088-CNNKB,I noticed a duplicate charge of $163 on my account dated 12 Aug 2026.,Billing,Low,0.3078
TKT-000345,2969-VAPYH,Why does my bill show an extra data overage charge of $462 this cycle?,Billing,Low,0.3739
TKT-000346,8242-PDSGJ,The battery backup on my router depletes in 22 minutes — it used to last hours.,Hardware,High,0.6783
TKT-000347,6108-OQZDQ,My SIM card appears to be defective — ICCID shows error on two different handsets.,Hardware,Low,0.4311
TKT-000348,7839-QRKXN,Why does my bill show an extra data overage charge of $208 this cycle?,Billing,High,0.4887
TKT-000349,6701-DHKWQ,I've been experiencing slow internet speeds in West Anne for the past 22 days.,Network,Low,0.3565
TKT-000350,2960-NKRSO,My bill for September seems incorrect. I was charged $153 but my plan is $156.,Billing,Low,0.1333
TKT-000351,8741-LQOBK,My SIM card appears to be defective — ICCID shows error on two different handsets.,Hardware,Low,0.3157
TKT-000352,6218-KNUBD,My connection drops every 37 hours. I've already restarted my router.,Network,Low,0.21
TKT-000353,4781-ZXYGU,One of the ethernet ports on the router stopped working after a power cut.,Hardware,Low,0.2977
TKT-000354,5527-ACHSO,I noticed a duplicate charge of $358 on my account dated 30 Sep 2026.,Billing,Low,0.3004
TKT-000355,1704-NRWYE,My SIM card appears to be defective — ICCID shows error on two different handsets.,Hardware,Low,0.2631
TKT-000356,6543-CPZMK,My auto-payment failed. Please confirm the status for $110 due on 02 Jun 2026.,Billing,High,0.5829
TKT-000357,9979-RGMZT,My set-top box (model XG-4905) reboots randomly every 22 hours.,Hardware,Low,0.3674
TKT-000358,7957-RYHQD,Why does my bill show an extra data overage charge of $276 this cycle?,Billing,Low,0.3797
TKT-000359,4716-HHKQH,I was promised a discount of $170/month but my bill still shows full price.,Billing,High,0.5723
TKT-000360,6339-DKLMK,I've been experiencing slow internet speeds in South Melissaside for the past 10 days.,Network,Low,0.3599
TKT-000361,6833-JMZYP,I've been experiencing slow internet speeds in North Bryanbury for the past 15 days.,Network,High,0.7759
TKT-000362,3976-HXHCE,My auto-payment failed. Please confirm the status for $65 due on 18 Mar 2026.,Billing,Low,0.1419
TKT-000363,6773-LQTVT,WiFi keeps disconnecting on all 2 devices. ISP modem lights look normal.,Network,High,0.491
TKT-000364,2560-QTSBS,Packet loss is at 14% causing issues with online gaming and work VPN.,Network,Low,0.1807
TKT-000365,8627-ZYGSZ,I never received my invoice for June. Please resend to michaelodonnell@example.com.,Billing,High,0.6303
TKT-000366,5084-OOVCJ,My connection drops every 31 hours. I've already restarted my router.,Network,Low,0.2965
TKT-000367,0121-SNYRK,I noticed a duplicate charge of $242 on my account dated 23 Feb 2026.,Billing,Low,0.371
TKT-000368,7967-HYCDE,WiFi keeps disconnecting on all 4 devices. ISP modem lights look normal.,Network,Low,0.3849
TKT-000369,4723-BEGSG,Why does my bill show an extra data overage charge of $25 this cycle?,Billing,Low,0.2168
TKT-000370,1262-OPMFY,One of the ethernet ports on the router stopped working after a power cut.,Hardware,High,0.7144
TKT-000371,2951-QOQTK,My 5G signal is extremely weak even with full bars showing on my handset.,Network,Low,0.4169
TKT-000372,2391-SOORI,Total outage in Staceyshire since 02 Apr 2026. When will service be restored?,Network,Low,0.2447
TKT-000373,0220-EBGCE,Total outage in Gregoryton since 07 Aug 2026. When will service be restored?,Network,Low,0.2775
TKT-000374,6094-ZIVKX,Total outage in West Samanthaborough since 22 Jan 2026. When will service be restored?,Network,Low,0.2601
TKT-000375,6689-KXGBO,My auto-payment failed. Please confirm the status for $382 due on 20 Feb 2026.,Billing,Low,0.1552
TKT-000376,1209-VFFOC,Why does my bill show an extra data overage charge of $265 this cycle?,Billing,Low,0.1517
TKT-000377,6086-ESGRL,My 5G signal is extremely weak even with full bars showing on my handset.,Network,Low,0.4776
TKT-000378,5922-ABDVO,I want to dispute a late fee of $227 that appeared on my latest bill.,Billing,Low,0.2533
TKT-000379,1016-DJTSV,Why does my bill show an extra data overage charge of $127 this cycle?,Billing,Low,0.2342
TKT-000380,2235-ZGKPT,The battery backup on my router depletes in 25 minutes — it used to last hours.,Hardware,Low,0.3554
TKT-000381,4851-BQDNX,Packet loss is at 39% causing issues with online gaming and work VPN.,Network,High,0.6435
TKT-000382,0604-THJFP,I noticed a duplicate charge of $194 on my account dated 07 Apr 2026.,Billing,Low,0.4276
TKT-000383,8292-FRFZQ,I want to dispute a late fee of $107 that appeared on my latest bill.,Billing,High,0.6731
TKT-000384,4232-JGKIY,The ping to international servers is 769ms — far worse than usual.,Network,High,0.6178
TKT-000385,9575-IWCAZ,Total outage in New Shellyland since 29 Jan 2026. When will service be restored?,Network,Low,0.2817
TKT-000386,8393-JMVMB,I was promised a discount of $117/month but my bill still shows full price.,Billing,Low,0.4453
TKT-000387,9780-FKVVF,Why does my bill show an extra data overage charge of $183 this cycle?,Billing,High,0.6512
TKT-000388,6743-HHQPF,I've been experiencing slow internet speeds in North Michael for the past 5 days.,Network,Low,0.4829
TKT-000389,0913-XWSCN,Screen on my managed WiFi extender is cracked after delivery. Need replacement.,Hardware,Low,0.1415
TKT-000390,8029-XYPWT,Video calls keep freezing. Upload speed is only 6 Mbps on a 184 plan.,Network,Low,0.4477
TKT-000391,6161-ERDGD,The optical port on my router is damaged and blinking amber.,Hardware,Low,0.323
TKT-000392,6100-FJZDG,The ping to international servers is 417ms — far worse than usual.,Network,High,0.4927
TKT-000393,0362-ZBZWJ,I want to dispute a late fee of $310 that appeared on my latest bill.,Billing,Low,0.3059
TKT-000394,5115-SQAAU,The ping to international servers is 571ms — far worse than usual.,Network,Low,0.3901
TKT-000395,4373-VVHQL,Please help me understand my itemised charges totalling $187.,Billing,Low,0.1043
TKT-000396,6407-GSJNL,I never received my invoice for August. Please resend to rmiller@example.com.,Billing,Low,0.259
TKT-000397,2560-PPCHE,Total outage in Arnoldview since 11 Apr 2026. When will service be restored?,Network,Low,0.4389
TKT-000398,5616-PRTNT,Video calls keep freezing. Upload speed is only 15 Mbps on a 83 plan.,Network,Low,0.2534
TKT-000399,4210-QFJMF,Total outage in Mikaylastad since 09 Aug 2026. When will service be restored?,Network,High,0.6105
TKT-000400,3716-UVSPD,My connection drops every 46 hours. I've already restarted my router.,Network,Low,0.3048
TKT-000401,8595-SIZNC,My connection drops every 35 hours. I've already restarted my router.,Network,High,0.5557
TKT-000402,5294-IMHHT,I never received my invoice for April. Please resend to morganlaura@example.com.,Billing,High,0.7215
TKT-000403,6777-TGHTM,My connection drops every 4 hours. I've already restarted my router.,Network,Low,0.4235
TKT-000404,5882-CMAZQ,My modem (XG-4613) isn't detected by the technician's mobile app.,Hardware,Low,0.1387
TKT-000405,9700-ZCLOT,Video calls keep freezing. Upload speed is only 17 Mbps on a 72 plan.,Network,Low,0.499
TKT-000406,3134-DSHVC,I was promised a discount of $490/month but my bill still shows full price.,Billing,Low,0.4077
TKT-000407,8232-CTLKO,Why does my bill show an extra data overage charge of $16 this cycle?,Billing,Low,0.1994
TKT-000408,5922-ABDVO,The ping to international servers is 275ms — far worse than usual.,Network,Low,0.4429
TKT-000409,0128-MKWSG,The ping to international servers is 593ms — far worse than usual.,Network,Low,0.1872
TKT-000410,9300-AGZNL,Please help me understand my itemised charges totalling $205.,Billing,High,0.7497
TKT-000411,2097-YVPKN,The optical port on my router is damaged and blinking red.,Hardware,Low,0.333
TKT-000412,1465-WCZVT,Total outage in Gabriellefort since 15 Sep 2026. When will service be restored?,Network,Low,0.3775
TKT-000413,1550-EENBN,I've been experiencing slow internet speeds in Jacobhaven for the past 21 days.,Network,Low,0.1817
TKT-000414,0206-TBWLC,My auto-payment failed. Please confirm the status for $420 due on 04 Apr 2026.,Billing,Low,0.414
TKT-000415,6030-REHUX,My auto-payment failed. Please confirm the status for $36 due on 10 Jan 2026.,Billing,Low,0.1101
TKT-000416,4580-TMHJU,I was promised a discount of $381/month but my bill still shows full price.,Billing,Low,0.1843
TKT-000417,7813-ZGGAW,Please help me understand my itemised charges totalling $335.,Billing,High,0.4501
TKT-000418,0247-SLUJI,The ping to international servers is 537ms — far worse than usual.,Network,Low,0.4219
TKT-000419,4030-VPZBD,I received a faulty ONT device. It's not syncing and LED shows red.,Hardware,High,0.4694
TKT-000420,0074-HDKDG,Please help me understand my itemised charges totalling $110.,Billing,Low,0.4187
TKT-000421,6734-JDTTV,Packet loss is at 9% causing issues with online gaming and work VPN.,Network,Low,0.3797
TKT-000422,1768-ZAIFU,Total outage in North Shannonborough since 01 Feb 2026. When will service be restored?,Network,Low,0.1627
TKT-000423,8229-TNIQA,My auto-payment failed. Please confirm the status for $134 due on 07 Mar 2026.,Billing,Low,0.1019
TKT-000424,1660-HSOOQ,Video calls keep freezing. Upload speed is only 6 Mbps on a 93 plan.,Network,Low,0.1681
TKT-000425,7814-LEEVE,My connection drops every 28 hours. I've already restarted my router.,Network,Low,0.3621
TKT-000426,7901-HXJVA,I want to dispute a late fee of $385 that appeared on my latest bill.,Billing,Low,0.3805
TKT-000427,4116-TZAQJ,The ping to international servers is 199ms — far worse than usual.,Network,Low,0.2335
TKT-000428,0112-QAWRZ,I want to dispute a late fee of $385 that appeared on my latest bill.,Billing,Low,0.3973
TKT-000429,0781-LKXBR,WiFi keeps disconnecting on all 6 devices. ISP modem lights look normal.,Network,High,0.47
TKT-000430,8020-BWHYL,My connection drops every 6 hours. I've already restarted my router.,Network,High,0.7303
TKT-000431,9058-HRZSV,My auto-payment failed. Please confirm the status for $254 due on 28 May 2026.,Billing,Low,0.4247
TKT-000432,1506-YJTYT,I've been experiencing slow internet speeds in Cindyberg for the past 17 days.,Network,Low,0.4202
TKT-000433,0772-GYEQQ,Why does my bill show an extra data overage charge of $428 this cycle?,Billing,High,0.6443
TKT-000434,7975-TZMLR,My set-top box (model XG-5578) reboots randomly every 9 hours.,Hardware,Low,0.3933
TKT-000435,4670-TABXH,Total outage in Hernandezland since 06 Jul 2026. When will service be restored?,Network,High,0.4641
TKT-000436,7850-VWJUU,Why does my bill show an extra data overage charge of $457 this cycle?,Billing,Low,0.1706
TKT-000437,1401-FTHFQ,I noticed a duplicate charge of $188 on my account dated 13 Apr 2026.,Billing,Low,0.1437
TKT-000438,3551-HUAZH,My set-top box (model XG-3753) reboots randomly every 6 hours.,Hardware,Low,0.2766
TKT-000439,4587-VVTOX,Total outage in West Lisaburgh since 19 May 2026. When will service be restored?,Network,High,0.7108
TKT-000440,2717-HVIZY,One of the ethernet ports on the router stopped working after a power cut.,Hardware,Low,0.3205
TKT-000441,9103-CXVOK,Packet loss is at 9% causing issues with online gaming and work VPN.,Network,Low,0.4479
TKT-000442,1555-DJEQW,Screen on my managed WiFi extender is cracked after delivery. Need replacement.,Hardware,Low,0.1543
TKT-000443,6024-RUGGH,My connection drops every 13 hours. I've already restarted my router.,Network,Low,0.4071
TKT-000444,4487-ZYJZK,My set-top box (model XG-6980) reboots randomly every 35 hours.,Hardware,Low,0.1676
TKT-000445,4581-LNWUM,My modem (XG-4586) isn't detected by the technician's mobile app.,Hardware,High,0.4948
TKT-000446,5789-LDFXO,Video calls keep freezing. Upload speed is only 2 Mbps on a 102 plan.,Network,High,0.6985
TKT-000447,6050-FFXES,WiFi keeps disconnecting on all 4 devices. ISP modem lights look normal.,Network,Low,0.4931
TKT-000448,7190-XHTWJ,I've been experiencing slow internet speeds in North Richardton for the past 28 days.,Network,Low,0.364
TKT-000449,5577-OTWWW,Screen on my managed WiFi extender is cracked after delivery. Need replacement.,Hardware,Low,0.1191
TKT-000450,7480-SPLEF,The ping to international servers is 411ms — far worse than usual.,Network,High,0.6657
TKT-000451,1591-XWLGB,My SIM card appears to be defective — ICCID shows error on two different handsets.,Hardware,High,0.4148
TKT-000452,6980-IMXXE,The ping to international servers is 464ms — far worse than usual.,Network,Low,0.4595
TKT-000453,5451-YHYPW,Packet loss is at 20% causing issues with online gaming and work VPN.,Network,High,0.6984
TKT-000454,6476-EPYZR,I never received my invoice for March. Please resend to stephenharrington@example.net.,Billing,Low,0.1606
TKT-000455,0612-RTZZA,Why does my bill show an extra data overage charge of $15 this cycle?,Billing,High,0.4321
TKT-000456,5956-YHHRX,WiFi keeps disconnecting on all 8 devices. ISP modem lights look normal.,Network,Low,0.2142
TKT-000457,6275-YDUVO,Packet loss is at 30% causing issues with online gaming and work VPN.,Network,High,0.793
TKT-000458,9732-EQMWY,My connection drops every 8 hours. I've already restarted my router.,Network,Low,0.3105
TKT-000459,5020-ZSTTY,Video calls keep freezing. Upload speed is only 3 Mbps on a 82 plan.,Network,High,0.7244
TKT-000460,7602-MVRMB,Why does my bill show an extra data overage charge of $288 this cycle?,Billing,High,0.6227
TKT-000461,1088-CNNKB,Please help me understand my itemised charges totalling $81.,Billing,Low,0.3003
TKT-000462,3551-GAEGL,My bill for March seems incorrect. I was charged $131 but my plan is $39.,Billing,High,0.4508
TKT-000463,3571-RFHAR,I never received my invoice for December. Please resend to dwayne04@example.org.,Billing,Low,0.4311
TKT-000464,7251-LJBQN,I want to dispute a late fee of $356 that appeared on my latest bill.,Billing,Low,0.2055
TKT-000465,4480-QQRHC,Video calls keep freezing. Upload speed is only 13 Mbps on a 69 plan.,Network,High,0.6523
TKT-000466,2675-OTVVJ,I noticed a duplicate charge of $360 on my account dated 22 Jun 2026.,Billing,Low,0.3449
TKT-000467,3908-MKIMJ,My auto-payment failed. Please confirm the status for $150 due on 23 Aug 2026.,Billing,High,0.6272
TKT-000468,8245-UMPYT,WiFi keeps disconnecting on all 6 devices. ISP modem lights look normal.,Network,High,0.7792
TKT-000469,5202-IVJNU,The ping to international servers is 708ms — far worse than usual.,Network,Low,0.202
TKT-000470,8035-BUYVG,My bill for May seems incorrect. I was charged $361 but my plan is $161.,Billing,High,0.5779
TKT-000471,8512-WIWYV,Total outage in Jeffreyborough since 03 Mar 2026. When will service be restored?,Network,Low,0.2914
TKT-000472,7176-WRTNX,The ping to international servers is 516ms — far worse than usual.,Network,Low,0.316
TKT-000473,4554-YGZIH,Total outage in Lake Nicolefurt since 17 Sep 2026. When will service be restored?,Network,High,0.4917
TKT-000474,8750-QWZAJ,I never received my invoice for March. Please resend to uscott@example.com.,Billing,Low,0.1469
TKT-000475,8784-CGILN,I've been experiencing slow internet speeds in West Willie for the past 23 days.,Network,Low,0.2473
TKT-000476,9432-RUVSL,My modem (XG-9118) isn't detected by the technician's mobile app.,Hardware,Low,0.2066
TKT-000477,8070-AAWZP,My connection drops every 35 hours. I've already restarted my router.,Network,Low,0.2998
TKT-000478,4190-MFLUW,The ping to international servers is 574ms — far worse than usual.,Network,Low,0.3638
TKT-000479,7762-URZQH,My SIM card appears to be defective — ICCID shows error on two different handsets.,Hardware,Low,0.3221
TKT-000480,3612-YUNGG,WiFi keeps disconnecting on all 9 devices. ISP modem lights look normal.,Network,Low,0.2941
TKT-000481,5515-IDEJJ,I want to dispute a late fee of $125 that appeared on my latest bill.,Billing,Low,0.2431
TKT-000482,6185-TASNN,Please help me understand my itemised charges totalling $92.,Billing,Low,0.1762
TKT-000483,2739-CACDQ,I never received my invoice for April. Please resend to susan08@example.net.,Billing,Low,0.3059
TKT-000484,5875-YPQFJ,The ping to international servers is 509ms — far worse than usual.,Network,High,0.561
TKT-000485,4661-NJEUX,My set-top box (model XG-6605) reboots randomly every 33 hours.,Hardware,Low,0.1126
TKT-000486,0487-RPVUM,My set-top box (model XG-3498) reboots randomly every 19 hours.,Hardware,Low,0.2464
TKT-000487,7905-NJMXS,Total outage in Lake Beverly since 08 Sep 2026. When will service be restored?,Network,High,0.6159
TKT-000488,0898-XCGTF,My connection drops every 12 hours. I've already restarted my router.,Network,High,0.529
TKT-000489,7284-BUYEC,I've been experiencing slow internet speeds in Lindseychester for the past 30 days.,Network,High,0.6504
TKT-000490,0384-LPITE,My 5G signal is extremely weak even with full bars showing on my handset.,Network,Low,0.348
TKT-000491,3935-TBRZZ,I want to dispute a late fee of $66 that appeared on my latest bill.,Billing,High,0.6457
TKT-000492,2868-SNELZ,My bill for February seems incorrect. I was charged $36 but my plan is $199.,Billing,High,0.6268
TKT-000493,3392-EHMNK,WiFi keeps disconnecting on all 10 devices. ISP modem lights look normal.,Network,High,0.6784
TKT-000494,8757-TFHHJ,Why does my bill show an extra data overage charge of $390 this cycle?,Billing,High,0.5107
TKT-000495,5575-TPIZQ,I noticed a duplicate charge of $76 on my account dated 05 Feb 2026.,Billing,High,0.6756
TKT-000496,2239-JALAW,My connection drops every 22 hours. I've already restarted my router.,Network,Low,0.3422
TKT-000497,2003-CKLOR,The ping to international servers is 559ms — far worse than usual.,Network,High,0.601
TKT-000498,5955-ERIHD,My bill for February seems incorrect. I was charged $95 but my plan is $183.,Billing,Low,0.3191
TKT-000499,1915-IOFGU,My connection drops every 33 hours. I've already restarted my router.,Network,High,0.5762
TKT-000500,8773-HHUOZ,I never received my invoice for October. Please resend to pdiaz@example.org.,Billing,High,0.5795
TKT-000501,0804-YGEQV,Total outage in New Nicolemouth since 07 Jun 2026. When will service be restored?,Network,High,0.7078
TKT-000502,3239-TPHPZ,I never received my invoice for April. Please resend to robertsonjuan@example.org.,Billing,High,0.7102
TKT-000503,7469-LKBCI,Why does my bill show an extra data overage charge of $333 this cycle?,Billing,Low,0.4224
TKT-000504,3694-DELSO,Packet loss is at 19% causing issues with online gaming and work VPN.,Network,Low,0.3263
TKT-000505,5376-DEQCP,I noticed a duplicate charge of $379 on my account dated 02 Sep 2026.,Billing,Low,0.2821
TKT-000506,6311-UEUME,The ping to international servers is 251ms — far worse than usual.,Network,Low,0.43
TKT-000507,2129-ALKBS,I never received my invoice for October. Please resend to mariaburke@example.net.,Billing,Low,0.2101
TKT-000508,2952-QAYZF,The ping to international servers is 536ms — far worse than usual.,Network,Low,0.4431
TKT-000509,0295-QVKPB,I never received my invoice for May. Please resend to alexandrablankenship@example.net.,Billing,High,0.5729
TKT-000510,8999-BOHSE,My auto-payment failed. Please confirm the status for $404 due on 04 Jul 2026.,Billing,Low,0.1405
TKT-000511,4174-LPGTI,I noticed a duplicate charge of $113 on my account dated 01 Jan 2026.,Billing,Low,0.1252
TKT-000512,0942-KOWSM,I want to dispute a late fee of $331 that appeared on my latest bill.,Billing,Low,0.3947
TKT-000513,6479-OAUSD,I've been experiencing slow internet speeds in North Jenna for the past 1 days.,Network,High,0.4694
TKT-000514,9467-ROOLM,I noticed a duplicate charge of $261 on my account dated 03 Jan 2026.,Billing,Low,0.1982
TKT-000515,2480-JZOSN,I've been experiencing slow internet speeds in Cherylfurt for the past 6 days.,Network,High,0.5669
TKT-000516,5143-WMWOG,One of the ethernet ports on the router stopped working after a power cut.,Hardware,Low,0.1605
TKT-000517,5016-IBERQ,My bill for December seems incorrect. I was charged $451 but my plan is $68.,Billing,Low,0.2099
TKT-000518,6302-JGYRJ,Please help me understand my itemised charges totalling $427.,Billing,High,0.6599
TKT-000519,4023-RTIQM,I was promised a discount of $190/month but my bill still shows full price.,Billing,High,0.4051
TKT-000520,7968-QUXNS,The ping to international servers is 649ms — far worse than usual.,Network,High,0.7395
TKT-000521,2621-UDNLU,Screen on my managed WiFi extender is cracked after delivery. Need replacement.,Hardware,Low,0.3998
TKT-000522,5351-QESIO,My bill for February seems incorrect. I was charged $195 but my plan is $172.,Billing,High,0.5303
TKT-000523,4660-IRIBM,The ping to international servers is 220ms — far worse than usual.,Network,Low,0.2038
TKT-000524,1891-UAWWU,The ping to international servers is 588ms — far worse than usual.,Network,Low,0.3603
TKT-000525,5868-CZJDR,My connection drops every 37 hours. I've already restarted my router.,Network,Low,0.1919
TKT-000526,4936-YPJNK,My 5G signal is extremely weak even with full bars showing on my handset.,Network,Low,0.2777
TKT-000527,6507-DTJZV,My set-top box (model XG-5227) reboots randomly every 11 hours.,Hardware,Low,0.4355
TKT-000528,5829-NVSQN,My auto-payment failed. Please confirm the status for $226 due on 28 Jun 2026.,Billing,Low,0.4484
TKT-000529,3506-OVLKD,I was promised a discount of $104/month but my bill still shows full price.,Billing,Low,0.3702
TKT-000530,3118-UHVVQ,Why does my bill show an extra data overage charge of $341 this cycle?,Billing,High,0.5088
TKT-000531,9367-OIUXP,I never received my invoice for November. Please resend to ian37@example.net.,Billing,Low,0.3407
TKT-000532,9675-ICXCT,My 5G signal is extremely weak even with full bars showing on my handset.,Network,Low,0.3969
TKT-000533,7410-OIEDU,Packet loss is at 25% causing issues with online gaming and work VPN.,Network,Low,0.2857
TKT-000534,3009-JWMPU,Why does my bill show an extra data overage charge of $218 this cycle?,Billing,Low,0.3243
TKT-000535,7649-PHJVR,Video calls keep freezing. Upload speed is only 3 Mbps on a 148 plan.,Network,Low,0.1538
TKT-000536,2466-FCCPT,Packet loss is at 44% causing issues with online gaming and work VPN.,Network,High,0.5232
TKT-000537,9150-KPBJQ,I noticed a duplicate charge of $500 on my account dated 21 May 2026.,Billing,Low,0.2838
TKT-000538,6121-TNHBO,My connection drops every 21 hours. I've already restarted my router.,Network,Low,0.2073
TKT-000539,6164-HAQTX,My connection drops every 30 hours. I've already restarted my router.,Network,High,0.5081
TKT-000540,2607-DHDAK,My bill for May seems incorrect. I was charged $196 but my plan is $103.,Billing,Low,0.3927
TKT-000541,3269-ATYWD,The battery backup on my router depletes in 22 minutes — it used to last hours.,Hardware,Low,0.4462
TKT-000542,5122-CYFXA,I received a faulty ONT device. It's not syncing and LED shows red.,Hardware,High,0.5946
TKT-000543,2676-OXPPQ,I noticed a duplicate charge of $188 on my account dated 07 Feb 2026.,Billing,Low,0.3937
TKT-000544,7711-YIJWC,I was promised a discount of $112/month but my bill still shows full price.,Billing,Low,0.4466
TKT-000545,8261-GWDBQ,I noticed a duplicate charge of $152 on my account dated 29 Jul 2026.,Billing,High,0.4496
TKT-000546,5566-SOEZD,The ping to international servers is 155ms — far worse than usual.,Network,Low,0.3069
TKT-000547,4312-GVYNH,One of the ethernet ports on the router stopped working after a power cut.,Hardware,High,0.5374
TKT-000548,3739-YBWAB,My auto-payment failed. Please confirm the status for $352 due on 22 Jun 2026.,Billing,Low,0.128
TKT-000549,0917-EZOLA,WiFi keeps disconnecting on all 8 devices. ISP modem lights look normal.,Network,Low,0.4144
TKT-000550,1565-RHDJD,My auto-payment failed. Please confirm the status for $49 due on 01 Aug 2026.,Billing,Low,0.2518
TKT-000551,4291-SHSBH,WiFi keeps disconnecting on all 2 devices. ISP modem lights look normal.,Network,High,0.6143
TKT-000552,5899-MQZZL,My connection drops every 13 hours. I've already restarted my router.,Network,Low,0.2027
TKT-000553,2587-YNLES,My auto-payment failed. Please confirm the status for $357 due on 02 Aug 2026.,Billing,High,0.4633
TKT-000554,0641-EVBOJ,WiFi keeps disconnecting on all 7 devices. ISP modem lights look normal.,Network,Low,0.4675
TKT-000555,5206-HPJKM,The battery backup on my router depletes in 14 minutes — it used to last hours.,Hardware,Low,0.1156
TKT-000556,4583-PARNH,My connection drops every 42 hours. I've already restarted my router.,Network,High,0.5315
TKT-000557,7621-VPNET,I noticed a duplicate charge of $334 on my account dated 04 Jan 2026.,Billing,Low,0.2022
TKT-000558,6771-XWBDM,Screen on my managed WiFi extender is cracked after delivery. Need replacement.,Hardware,Low,0.2716
TKT-000559,9610-WCESF,Total outage in Justinside since 31 Jan 2026. When will service be restored?,Network,Low,0.3553
TKT-000560,6734-PSBAW,My bill for January seems incorrect. I was charged $88 but my plan is $125.,Billing,High,0.5727
TKT-000561,4359-INNWN,Total outage in West Andrew since 28 Aug 2026. When will service be restored?,Network,Low,0.1794
TKT-000562,9975-GPKZU,I never received my invoice for May. Please resend to lopezcurtis@example.com.,Billing,High,0.4853
TKT-000563,5893-PYOLZ,Total outage in Collinsfort since 01 Apr 2026. When will service be restored?,Network,High,0.7453
TKT-000564,0082-OQIQY,I noticed a duplicate charge of $302 on my account dated 30 Jun 2026.,Billing,Low,0.3232
TKT-000565,3536-IQCTX,One of the ethernet ports on the router stopped working after a power cut.,Hardware,Low,0.3272
TKT-000566,7622-NXQZR,My set-top box (model XG-2754) reboots randomly every 7 hours.,Hardware,Low,0.3346
TKT-000567,2560-WBWXF,I never received my invoice for March. Please resend to sharon20@example.net.,Billing,Low,0.367
TKT-000568,2987-BJXIK,The optical port on my router is damaged and blinking amber.,Hardware,High,0.4203
TKT-000569,5985-TBABQ,I've been experiencing slow internet speeds in New Kristenfort for the past 12 days.,Network,Low,0.2783
TKT-000570,3933-DQPWX,The optical port on my router is damaged and blinking red.,Hardware,High,0.5888
TKT-000571,8623-ULFNQ,I've been experiencing slow internet speeds in East Tonymouth for the past 8 days.,Network,High,0.5685
TKT-000572,8132-YPVBX,My 5G signal is extremely weak even with full bars showing on my handset.,Network,High,0.7456
TKT-000573,0002-ORFBO,The ping to international servers is 310ms — far worse than usual.,Network,Low,0.3189
TKT-000574,4432-ADRLB,One of the ethernet ports on the router stopped working after a power cut.,Hardware,Low,0.369
TKT-000575,5481-NTDOH,I noticed a duplicate charge of $240 on my account dated 25 Apr 2026.,Billing,Low,0.3982
TKT-000576,0595-ITUDF,The battery backup on my router depletes in 11 minutes — it used to last hours.,Hardware,Low,0.2767
TKT-000577,7450-NWRTR,Packet loss is at 5% causing issues with online gaming and work VPN.,Network,High,0.7683
TKT-000578,9800-ONTFE,Packet loss is at 23% causing issues with online gaming and work VPN.,Network,Low,0.3555
TKT-000579,3594-KADLU,My 5G signal is extremely weak even with full bars showing on my handset.,Network,Low,0.4476
TKT-000580,6267-DCFFZ,Total outage in South Laurieton since 28 Jan 2026. When will service be restored?,Network,High,0.5692
TKT-000581,9462-MJUAW,I was promised a discount of $131/month but my bill still shows full price.,Billing,Low,0.2746
TKT-000582,4459-BBGHE,Screen on my managed WiFi extender is cracked after delivery. Need replacement.,Hardware,High,0.586
TKT-000583,9274-CNFMO,Screen on my managed WiFi extender is cracked after delivery. Need replacement.,Hardware,High,0.4367
TKT-000584,4895-TMWIR,I was promised a discount of $162/month but my bill still shows full price.,Billing,Low,0.2395
TKT-000585,3990-QYKBE,My set-top box (model XG-4131) reboots randomly every 45 hours.,Hardware,High,0.7211
TKT-000586,6127-ISGTU,My bill for February seems incorrect. I was charged $488 but my plan is $43.,Billing,Low,0.3208
TKT-000587,3247-ZVOUO,The ping to international servers is 222ms — far worse than usual.,Network,Low,0.2121
TKT-000588,2284-VFLKH,The ping to international servers is 346ms — far worse than usual.,Network,Low,0.2686
TKT-000589,2081-KJSQF,Please help me understand my itemised charges totalling $125.,Billing,High,0.4671
TKT-000590,6464-KEXXH,Please help me understand my itemised charges totalling $40.,Billing,Low,0.1087
TKT-000591,8932-CZHRQ,The battery backup on my router depletes in 17 minutes — it used to last hours.,Hardware,High,0.7246
TKT-000592,9209-NWPGU,My auto-payment failed. Please confirm the status for $409 due on 09 Jul 2026.,Billing,Low,0.2569
TKT-000593,9342-VNIMQ,I noticed a duplicate charge of $133 on my account dated 10 May 2026.,Billing,Low,0.2076
TKT-000594,7375-WMVMT,My connection drops every 23 hours. I've already restarted my router.,Network,Low,0.3595
TKT-000595,2351-BKRZW,My bill for March seems incorrect. I was charged $235 but my plan is $99.,Billing,High,0.4026
TKT-000596,7786-WBJYI,I received a faulty ONT device. It's not syncing and LED shows red.,Hardware,High,0.4973
TKT-000597,7508-SMHXL,Total outage in Ayalaberg since 20 Jan 2026. When will service be restored?,Network,Low,0.3961
TKT-000598,3279-DYZQM,I was promised a discount of $210/month but my bill still shows full price.,Billing,Low,0.3218
TKT-000599,4559-UWIHT,I want to dispute a late fee of $385 that appeared on my latest bill.,Billing,High,0.7436
TKT-000600,3131-NWVFJ,The battery backup on my router depletes in 15 minutes — it used to last hours.,Hardware,Low,0.3171
TKT-000601,7654-YWJUF,I never received my invoice for May. Please resend to vanessajensen@example.com.,Billing,Low,0.2671
TKT-000602,2223-GDSHL,My connection drops every 44 hours. I've already restarted my router.,Network,High,0.7165
TKT-000603,0236-HFWSV,My connection drops every 32 hours. I've already restarted my router.,Network,Low,0.4662
TKT-000604,4549-ZDQYY,Packet loss is at 35% causing issues with online gaming and work VPN.,Network,Low,0.4022
TKT-000605,1159-WFSGR,Video calls keep freezing. Upload speed is only 12 Mbps on a 86 plan.,Network,Low,0.4871
TKT-000606,5493-SDRDQ,My connection drops every 7 hours. I've already restarted my router.,Network,Low,0.4237
TKT-000607,1657-DYMBM,Packet loss is at 22% causing issues with online gaming and work VPN.,Network,Low,0.4534
TKT-000608,5847-MXBEO,Packet loss is at 41% causing issues with online gaming and work VPN.,Network,Low,0.1899
TKT-000609,4462-CYWMH,I never received my invoice for October. Please resend to klong@example.org.,Billing,Low,0.3563
TKT-000610,8067-NIOYM,I want to dispute a late fee of $17 that appeared on my latest bill.,Billing,High,0.554
TKT-000611,4311-QTTAI,Packet loss is at 27% causing issues with online gaming and work VPN.,Network,High,0.6436
TKT-000612,8378-LKJAF,I never received my invoice for June. Please resend to robertberry@example.com.,Billing,High,0.6289
TKT-000613,0818-OCPZO,The ping to international servers is 711ms — far worse than usual.,Network,High,0.7894
TKT-000614,5982-FPVQN,Packet loss is at 21% causing issues with online gaming and work VPN.,Network,Low,0.4946
TKT-000615,1766-GKNMI,My 5G signal is extremely weak even with full bars showing on my handset.,Network,Low,0.2509
TKT-000616,1813-JYWTO,Packet loss is at 34% causing issues with online gaming and work VPN.,Network,Low,0.4068
TKT-000617,9286-BHDQG,The ping to international servers is 624ms — far worse than usual.,Network,High,0.7125
TKT-000618,9895-VFOXH,I want to dispute a late fee of $37 that appeared on my latest bill.,Billing,Low,0.2213
TKT-000619,5494-WOZRZ,My connection drops every 19 hours. I've already restarted my router.,Network,Low,0.1934
TKT-000620,9279-CJEOJ,My bill for March seems incorrect. I was charged $369 but my plan is $82.,Billing,High,0.4143
TKT-000621,2882-DDZPG,My bill for January seems incorrect. I was charged $422 but my plan is $154.,Billing,High,0.6721
TKT-000622,2632-UCGVD,I noticed a duplicate charge of $136 on my account dated 28 May 2026.,Billing,Low,0.2714
TKT-000623,3866-MDTUB,Please help me understand my itemised charges totalling $104.,Billing,Low,0.4449
TKT-000624,2282-YGNOR,My bill for December seems incorrect. I was charged $104 but my plan is $66.,Billing,Low,0.2627
TKT-000625,3413-DHLPB,My 5G signal is extremely weak even with full bars showing on my handset.,Network,Low,0.4923
TKT-000626,3523-BRGUW,WiFi keeps disconnecting on all 8 devices. ISP modem lights look normal.,Network,Low,0.2941
TKT-000627,4130-MZLCC,Please help me understand my itemised charges totalling $31.,Billing,High,0.6778
TKT-000628,8375-DKEBR,Why does my bill show an extra data overage charge of $472 this cycle?,Billing,High,0.4297
TKT-000629,0311-QYWSS,Packet loss is at 30% causing issues with online gaming and work VPN.,Network,High,0.6444
TKT-000630,9786-YWNHU,Video calls keep freezing. Upload speed is only 17 Mbps on a 159 plan.,Network,Low,0.4307
TKT-000631,9274-CNFMO,Screen on my managed WiFi extender is cracked after delivery. Need replacement.,Hardware,High,0.7236
TKT-000632,4328-VUFWD,Total outage in East Nicoleview since 17 Aug 2026. When will service be restored?,Network,Low,0.4379
TKT-000633,2750-BJLSB,I noticed a duplicate charge of $236 on my account dated 02 Sep 2026.,Billing,Low,0.1129
TKT-000634,5887-IKKYO,My auto-payment failed. Please confirm the status for $110 due on 13 Aug 2026.,Billing,High,0.5304
TKT-000635,0939-EREMR,My auto-payment failed. Please confirm the status for $54 due on 21 Apr 2026.,Billing,High,0.417
TKT-000636,2172-EJXVF,I noticed a duplicate charge of $184 on my account dated 28 May 2026.,Billing,High,0.4382
TKT-000637,2931-XIQBR,I never received my invoice for April. Please resend to alison83@example.net.,Billing,High,0.6364
TKT-000638,3104-OWCGK,I noticed a duplicate charge of $265 on my account dated 02 Sep 2026.,Billing,Low,0.3496
TKT-000639,6252-DFGTK,Packet loss is at 41% causing issues with online gaming and work VPN.,Network,Low,0.4208
TKT-000640,4879-GZLFH,My bill for June seems incorrect. I was charged $289 but my plan is $58.,Billing,Low,0.4029
TKT-000641,5442-XSDCW,The battery backup on my router depletes in 7 minutes — it used to last hours.,Hardware,Low,0.3588
TKT-000642,4576-CSAJH,I've been experiencing slow internet speeds in Katieville for the past 14 days.,Network,Low,0.4303
TKT-000643,6885-PKOAM,My connection drops every 15 hours. I've already restarted my router.,Network,High,0.4671
TKT-000644,0699-NDKJM,My auto-payment failed. Please confirm the status for $283 due on 19 Sep 2026.,Billing,Low,0.1821
TKT-000645,8436-BJUMM,Screen on my managed WiFi extender is cracked after delivery. Need replacement.,Hardware,Low,0.3177
TKT-000646,6357-JJPQT,I've been experiencing slow internet speeds in East Juantown for the past 3 days.,Network,Low,0.4503
TKT-000647,2038-LLMLM,My set-top box (model XG-6728) reboots randomly every 29 hours.,Hardware,Low,0.1016
TKT-000648,9139-WQQDY,My 5G signal is extremely weak even with full bars showing on my handset.,Network,High,0.6301
TKT-000649,1629-DQQVB,Packet loss is at 28% causing issues with online gaming and work VPN.,Network,Low,0.3871
TKT-000650,4588-YBNIB,My connection drops every 27 hours. I've already restarted my router.,Network,Low,0.1604
TKT-000651,3466-WAESX,I want to dispute a late fee of $389 that appeared on my latest bill.,Billing,Low,0.2405
TKT-000652,7010-ZMVBF,I noticed a duplicate charge of $20 on my account dated 19 Aug 2026.,Billing,Low,0.4135
TKT-000653,7488-MXJIV,Screen on my managed WiFi extender is cracked after delivery. Need replacement.,Hardware,Low,0.3351
TKT-000654,1310-QRITU,The ping to international servers is 456ms — far worse than usual.,Network,Low,0.2332
TKT-000655,0201-MIBOL,My modem (XG-2789) isn't detected by the technician's mobile app.,Hardware,Low,0.3985
TKT-000656,5144-PQCDZ,My 5G signal is extremely weak even with full bars showing on my handset.,Network,High,0.5718
TKT-000657,3308-DGHKL,My auto-payment failed. Please confirm the status for $77 due on 02 Jun 2026.,Billing,Low,0.3987
TKT-000658,6734-JDTTV,I've been experiencing slow internet speeds in North Lisa for the past 12 days.,Network,Low,0.2546
TKT-000659,3563-SVYLG,Why does my bill show an extra data overage charge of $438 this cycle?,Billing,Low,0.3066
TKT-000660,4526-EXKKN,Please help me understand my itemised charges totalling $336.,Billing,High,0.5389
TKT-000661,5469-CTCWN,My 5G signal is extremely weak even with full bars showing on my handset.,Network,High,0.5462
TKT-000662,4742-DRORA,My auto-payment failed. Please confirm the status for $68 due on 16 May 2026.,Billing,Low,0.4103
TKT-000663,9938-PRCVK,My set-top box (model XG-6729) reboots randomly every 2 hours.,Hardware,High,0.4657
TKT-000664,6917-YACBP,Please help me understand my itemised charges totalling $67.,Billing,High,0.4297
TKT-000665,0426-TIRNE,My 5G signal is extremely weak even with full bars showing on my handset.,Network,High,0.5697
TKT-000666,4111-BNXIF,Video calls keep freezing. Upload speed is only 19 Mbps on a 41 plan.,Network,Low,0.4012
TKT-000667,5298-GSTLM,Packet loss is at 47% causing issues with online gaming and work VPN.,Network,Low,0.4326
TKT-000668,7402-EYFXX,I was promised a discount of $285/month but my bill still shows full price.,Billing,Low,0.4496
TKT-000669,7036-TYDEC,Total outage in New Valeriefurt since 10 Aug 2026. When will service be restored?,Network,Low,0.2537
TKT-000670,7028-DVOIQ,Total outage in Lake Annstad since 25 Apr 2026. When will service be restored?,Network,Low,0.2928
TKT-000671,9239-ZBZZV,Total outage in Jenniferfurt since 20 Apr 2026. When will service be restored?,Network,Low,0.1979
TKT-000672,4957-SREEC,One of the ethernet ports on the router stopped working after a power cut.,Hardware,High,0.6012
TKT-000673,5035-BVCXS,I received a faulty ONT device. It's not syncing and LED shows red.,Hardware,High,0.7492
TKT-000674,4869-EPIUS,My bill for October seems incorrect. I was charged $436 but my plan is $140.,Billing,Low,0.3453
TKT-000675,0611-DFXKO,Video calls keep freezing. Upload speed is only 10 Mbps on a 172 plan.,Network,High,0.6583
TKT-000676,4723-BEGSG,Packet loss is at 32% causing issues with online gaming and work VPN.,Network,High,0.5873
TKT-000677,5383-MMTWC,My connection drops every 38 hours. I've already restarted my router.,Network,Low,0.4704
TKT-000678,0222-CNVPT,One of the ethernet ports on the router stopped working after a power cut.,Hardware,High,0.5739
TKT-000679,6508-NJYRO,I was promised a discount of $156/month but my bill still shows full price.,Billing,Low,0.147
TKT-000680,0362-ZBZWJ,Why does my bill show an extra data overage charge of $60 this cycle?,Billing,High,0.5279
TKT-000681,6650-BWFRT,My 5G signal is extremely weak even with full bars showing on my handset.,Network,High,0.4735
TKT-000682,6635-MYYYZ,My bill for June seems incorrect. I was charged $466 but my plan is $168.,Billing,Low,0.1707
TKT-000683,0426-TIRNE,Please help me understand my itemised charges totalling $276.,Billing,Low,0.1062
TKT-000684,9661-JALZV,I never received my invoice for September. Please resend to figueroacassandra@example.net.,Billing,High,0.5586
TKT-000685,1097-FSPVW,I noticed a duplicate charge of $371 on my account dated 10 Mar 2026.,Billing,Low,0.3221
TKT-000686,5297-MDOIR,I've been experiencing slow internet speeds in Lake Scott for the past 21 days.,Network,High,0.5702
TKT-000687,1657-DYMBM,WiFi keeps disconnecting on all 5 devices. ISP modem lights look normal.,Network,High,0.5971
TKT-000688,8990-YOZLV,My auto-payment failed. Please confirm the status for $11 due on 07 Mar 2026.,Billing,Low,0.4357
TKT-000689,7101-HRBLJ,I was promised a discount of $333/month but my bill still shows full price.,Billing,High,0.6632
TKT-000690,8473-VUVJN,WiFi keeps disconnecting on all 6 devices. ISP modem lights look normal.,Network,Low,0.3393
TKT-000691,5716-LIBJC,My 5G signal is extremely weak even with full bars showing on my handset.,Network,Low,0.2496
TKT-000692,5485-ITNPC,The ping to international servers is 521ms — far worse than usual.,Network,High,0.7639
TKT-000693,7030-FZTFM,Total outage in Bellport since 27 Jan 2026. When will service be restored?,Network,Low,0.2323
TKT-000694,0396-UKGAI,Screen on my managed WiFi extender is cracked after delivery. Need replacement.,Hardware,Low,0.2139
TKT-000695,3474-BAFSJ,Total outage in North Heather since 16 Feb 2026. When will service be restored?,Network,Low,0.4682
TKT-000696,4648-YPBTM,I've been experiencing slow internet speeds in Livingstonview for the past 3 days.,Network,Low,0.3353
TKT-000697,9348-ROUAI,Total outage in Priceton since 15 Jun 2026. When will service be restored?,Network,Low,0.4098
TKT-000698,1100-DDVRV,My modem (XG-8944) isn't detected by the technician's mobile app.,Hardware,Low,0.3068
TKT-000699,2774-LVQUS,My 5G signal is extremely weak even with full bars showing on my handset.,Network,Low,0.3787
TKT-000700,4361-BKAXE,My 5G signal is extremely weak even with full bars showing on my handset.,Network,Low,0.2548
TKT-000701,8313-AFGBW,Video calls keep freezing. Upload speed is only 7 Mbps on a 180 plan.,Network,Low,0.2345
TKT-000702,2472-OVKUP,One of the ethernet ports on the router stopped working after a power cut.,Hardware,Low,0.2129
TKT-000703,7969-FFOWG,My modem (XG-5007) isn't detected by the technician's mobile app.,Hardware,High,0.4544
TKT-000704,0628-CNQRM,I was promised a discount of $497/month but my bill still shows full price.,Billing,Low,0.406
TKT-000705,7120-RFMVS,Please help me understand my itemised charges totalling $298.,Billing,Low,0.1991
TKT-000706,0727-BNRLG,Please help me understand my itemised charges totalling $313.,Billing,Low,0.2965
TKT-000707,6199-IWKGC,My 5G signal is extremely weak even with full bars showing on my handset.,Network,High,0.7272
TKT-000708,7279-NMVJC,WiFi keeps disconnecting on all 9 devices. ISP modem lights look normal.,Network,Low,0.4243
TKT-000709,0956-ACVZC,I noticed a duplicate charge of $481 on my account dated 28 Jun 2026.,Billing,Low,0.2534
TKT-000710,2545-LXYVJ,I never received my invoice for January. Please resend to sanchezdeborah@example.org.,Billing,Low,0.2667
TKT-000711,2322-VCZHZ,The ping to international servers is 792ms — far worse than usual.,Network,Low,0.4981
TKT-000712,0268-QKIWO,Video calls keep freezing. Upload speed is only 7 Mbps on a 104 plan.,Network,High,0.6861
TKT-000713,3877-JRJIP,The battery backup on my router depletes in 20 minutes — it used to last hours.,Hardware,High,0.6851
TKT-000714,3580-HYCSP,I've been experiencing slow internet speeds in South John for the past 7 days.,Network,Low,0.4659
TKT-000715,1767-TGTKO,Video calls keep freezing. Upload speed is only 8 Mbps on a 119 plan.,Network,High,0.7257
TKT-000716,4011-ARPHK,I was promised a discount of $309/month but my bill still shows full price.,Billing,High,0.4648
TKT-000717,7617-EYGLW,I noticed a duplicate charge of $384 on my account dated 19 Feb 2026.,Billing,Low,0.2968
TKT-000718,2985-FMWYF,The ping to international servers is 730ms — far worse than usual.,Network,Low,0.1857
TKT-000719,3926-YZVVX,My auto-payment failed. Please confirm the status for $120 due on 12 Jun 2026.,Billing,Low,0.3285
TKT-000720,8734-DKSTZ,I never received my invoice for July. Please resend to qtownsend@example.org.,Billing,High,0.7344
TKT-000721,0750-EKNGL,I was promised a discount of $406/month but my bill still shows full price.,Billing,Low,0.2795
TKT-000722,0530-IJVDB,My modem (XG-9029) isn't detected by the technician's mobile app.,Hardware,Low,0.2515
TKT-000723,2189-UXTKY,The optical port on my router is damaged and blinking orange.,Hardware,Low,0.1125
TKT-000724,0134-XWXCE,Total outage in Vanceland since 12 Feb 2026. When will service be restored?,Network,Low,0.4859
TKT-000725,1112-CUNAO,One of the ethernet ports on the router stopped working after a power cut.,Hardware,High,0.4361
TKT-000726,4274-DRSQT,My SIM card appears to be defective — ICCID shows error on two different handsets.,Hardware,Low,0.1144
TKT-000727,4827-DPADN,WiFi keeps disconnecting on all 7 devices. ISP modem lights look normal.,Network,High,0.5361
TKT-000728,5529-GIBVH,I never received my invoice for December. Please resend to kristinelittle@example.net.,Billing,High,0.4229
TKT-000729,0015-UOCOJ,My auto-payment failed. Please confirm the status for $345 due on 03 Feb 2026.,Billing,High,0.5593
TKT-000730,3026-ATZYV,The ping to international servers is 613ms — far worse than usual.,Network,Low,0.3306
TKT-000731,7579-OOPEC,I've been experiencing slow internet speeds in South Amandafort for the past 7 days.,Network,Low,0.2594
TKT-000732,0310-MVLET,My connection drops every 45 hours. I've already restarted my router.,Network,Low,0.1678
TKT-000733,3585-YNADK,The optical port on my router is damaged and blinking red.,Hardware,High,0.4391
TKT-000734,7240-ETPTR,My auto-payment failed. Please confirm the status for $167 due on 15 Aug 2026.,Billing,Low,0.2346
TKT-000735,8292-ITGYJ,Packet loss is at 17% causing issues with online gaming and work VPN.,Network,Low,0.1712
TKT-000736,1895-QTKDO,My connection drops every 24 hours. I've already restarted my router.,Network,Low,0.3944
TKT-000737,2603-HVKCG,Video calls keep freezing. Upload speed is only 14 Mbps on a 175 plan.,Network,Low,0.2225
TKT-000738,2208-UGTGR,I want to dispute a late fee of $56 that appeared on my latest bill.,Billing,Low,0.2057
TKT-000739,5057-RKGLH,I never received my invoice for October. Please resend to lukehurst@example.net.,Billing,Low,0.2379
TKT-000740,3224-DFQNQ,Why does my bill show an extra data overage charge of $455 this cycle?,Billing,Low,0.2458
TKT-000741,6265-FRMTQ,WiFi keeps disconnecting on all 8 devices. ISP modem lights look normal.,Network,Low,0.1506
TKT-000742,6179-GJPSO,The battery backup on my router depletes in 18 minutes — it used to last hours.,Hardware,Low,0.1392
TKT-000743,5569-KGJHX,I want to dispute a late fee of $498 that appeared on my latest bill.,Billing,Low,0.402
TKT-000744,1131-ALZWV,Total outage in Robertmouth since 08 Sep 2026. When will service be restored?,Network,High,0.4504
TKT-000745,1354-YZFNB,I never received my invoice for August. Please resend to todd88@example.com.,Billing,Low,0.2779
TKT-000746,0784-ZQJZX,The optical port on my router is damaged and blinking amber.,Hardware,High,0.5713
TKT-000747,7831-QGOXH,The battery backup on my router depletes in 27 minutes — it used to last hours.,Hardware,High,0.5166
TKT-000748,9828-AOQLM,My connection drops every 9 hours. I've already restarted my router.,Network,Low,0.301
TKT-000749,0541-FITGH,WiFi keeps disconnecting on all 7 devices. ISP modem lights look normal.,Network,Low,0.4232
TKT-000750,4114-QMKVN,My bill for April seems incorrect. I was charged $322 but my plan is $183.,Billing,Low,0.3944
TKT-000751,2040-XBAVJ,I want to dispute a late fee of $232 that appeared on my latest bill.,Billing,Low,0.1911
TKT-000752,9488-FYQAU,My SIM card appears to be defective — ICCID shows error on two different handsets.,Hardware,Low,0.2129
TKT-000753,0822-GAVAP,Packet loss is at 15% causing issues with online gaming and work VPN.,Network,High,0.5349
TKT-000754,6771-XWBDM,I've been experiencing slow internet speeds in New Prestonfort for the past 22 days.,Network,High,0.618
TKT-000755,8467-WYNSR,My SIM card appears to be defective — ICCID shows error on two different handsets.,Hardware,High,0.6391
TKT-000756,3296-SILRA,The ping to international servers is 704ms — far worse than usual.,Network,Low,0.2299
TKT-000757,4673-KKSLS,WiFi keeps disconnecting on all 9 devices. ISP modem lights look normal.,Network,High,0.5658
TKT-000758,6542-LWGXJ,Packet loss is at 6% causing issues with online gaming and work VPN.,Network,High,0.7756
TKT-000759,1837-YQUCE,My bill for June seems incorrect. I was charged $238 but my plan is $113.,Billing,High,0.417
TKT-000760,6924-TDGMT,My auto-payment failed. Please confirm the status for $99 due on 09 Aug 2026.,Billing,Low,0.2613
TKT-000761,8885-QSQBX,Total outage in Port Aaronview since 29 Apr 2026. When will service be restored?,Network,Low,0.399
TKT-000762,9971-ZWPBF,My connection drops every 6 hours. I've already restarted my router.,Network,Low,0.2027
TKT-000763,9190-MFJLN,My 5G signal is extremely weak even with full bars showing on my handset.,Network,Low,0.1666
TKT-000764,4729-XKASR,My auto-payment failed. Please confirm the status for $365 due on 11 Apr 2026.,Billing,Low,0.1484
TKT-000765,1809-DMJHQ,I've been experiencing slow internet speeds in West Michaelstad for the past 30 days.,Network,High,0.7716
TKT-000766,5950-AAAGJ,I received a faulty ONT device. It's not syncing and LED shows red.,Hardware,High,0.4032
TKT-000767,1927-QEWMY,My connection drops every 46 hours. I've already restarted my router.,Network,Low,0.2159
TKT-000768,5206-XZZQI,I've been experiencing slow internet speeds in Petersonburgh for the past 11 days.,Network,High,0.4609
TKT-000769,8714-CTZJW,I was promised a discount of $140/month but my bill still shows full price.,Billing,High,0.4387
TKT-000770,3190-ITQXP,The battery backup on my router depletes in 23 minutes — it used to last hours.,Hardware,Low,0.3171
TKT-000771,7596-IIWYC,Packet loss is at 40% causing issues with online gaming and work VPN.,Network,High,0.5346
TKT-000772,4429-WYGFR,I noticed a duplicate charge of $59 on my account dated 29 Mar 2026.,Billing,Low,0.2992
TKT-000773,3956-MGXOG,I was promised a discount of $190/month but my bill still shows full price.,Billing,High,0.6066
TKT-000774,2592-SEIFQ,The ping to international servers is 260ms — far worse than usual.,Network,Low,0.4473
TKT-000775,8200-KLNYW,Packet loss is at 29% causing issues with online gaming and work VPN.,Network,Low,0.1517
TKT-000776,6854-EXGSF,My bill for February seems incorrect. I was charged $326 but my plan is $87.,Billing,Low,0.3987
TKT-000777,2038-LLMLM,I received a faulty ONT device. It's not syncing and LED shows red.,Hardware,High,0.6167
TKT-000778,9136-ALYBR,The battery backup on my router depletes in 11 minutes — it used to last hours.,Hardware,Low,0.157
TKT-000779,3088-LHEFH,WiFi keeps disconnecting on all 9 devices. ISP modem lights look normal.,Network,Low,0.4205
TKT-000780,3205-MXZRA,Why does my bill show an extra data overage charge of $456 this cycle?,Billing,Low,0.3994
TKT-000781,8270-RKSAP,Screen on my managed WiFi extender is cracked after delivery. Need replacement.,Hardware,High,0.489
TKT-000782,5204-QZXPU,I've been experiencing slow internet speeds in Millsland for the past 27 days.,Network,Low,0.4716
TKT-000783,9391-TTOYH,My connection drops every 38 hours. I've already restarted my router.,Network,Low,0.3091
TKT-000784,3190-XFANI,WiFi keeps disconnecting on all 5 devices. ISP modem lights look normal.,Network,Low,0.3612
TKT-000785,1576-PFZIW,Please help me understand my itemised charges totalling $179.,Billing,High,0.7446
TKT-000786,0235-KGSLC,My set-top box (model XG-8787) reboots randomly every 24 hours.,Hardware,High,0.5265
TKT-000787,1716-LSAMB,One of the ethernet ports on the router stopped working after a power cut.,Hardware,High,0.6846
TKT-000788,1174-FGIFN,I never received my invoice for April. Please resend to christy11@example.net.,Billing,Low,0.2114
TKT-000789,2388-LAESQ,Packet loss is at 38% causing issues with online gaming and work VPN.,Network,Low,0.4297
TKT-000790,5519-TEEUH,I noticed a duplicate charge of $185 on my account dated 07 Jan 2026.,Billing,Low,0.3103
TKT-000791,3537-HPKQT,My set-top box (model XG-7528) reboots randomly every 15 hours.,Hardware,Low,0.1757
TKT-000792,9640-ZSLDC,My connection drops every 48 hours. I've already restarted my router.,Network,High,0.5949
TKT-000793,2911-WDXMV,I received a faulty ONT device. It's not syncing and LED shows red.,Hardware,Low,0.2112
TKT-000794,0423-UDIJQ,One of the ethernet ports on the router stopped working after a power cut.,Hardware,Low,0.1273
TKT-000795,2207-RYYRL,Please help me understand my itemised charges totalling $247.,Billing,Low,0.1104
TKT-000796,8040-MNRTF,WiFi keeps disconnecting on all 6 devices. ISP modem lights look normal.,Network,Low,0.2713
TKT-000797,6513-EECDB,WiFi keeps disconnecting on all 6 devices. ISP modem lights look normal.,Network,Low,0.1567
TKT-000798,5404-GGUKR,I received a faulty ONT device. It's not syncing and LED shows red.,Hardware,Low,0.1579
TKT-000799,6204-IEUXJ,My 5G signal is extremely weak even with full bars showing on my handset.,Network,High,0.7038
TKT-000800,5394-SVGJV,The optical port on my router is damaged and blinking amber.,Hardware,Low,0.3478
TKT-000801,6259-WJQLC,My auto-payment failed. Please confirm the status for $119 due on 30 Jan 2026.,Billing,Low,0.3585
TKT-000802,0345-XMMUG,I never received my invoice for November. Please resend to vargasjoshua@example.net.,Billing,Low,0.211
TKT-000803,0485-ZBSLN,The ping to international servers is 479ms — far worse than usual.,Network,Low,0.4615
TKT-000804,2115-BFTIW,The battery backup on my router depletes in 16 minutes — it used to last hours.,Hardware,Low,0.3078
TKT-000805,5569-OUICF,Video calls keep freezing. Upload speed is only 7 Mbps on a 100 plan.,Network,High,0.4941
TKT-000806,8250-ZNGGW,I was promised a discount of $414/month but my bill still shows full price.,Billing,High,0.4503
TKT-000807,6543-CPZMK,Total outage in Floresland since 04 Apr 2026. When will service be restored?,Network,High,0.6926
TKT-000808,4855-SNKMY,I was promised a discount of $40/month but my bill still shows full price.,Billing,Low,0.1605
TKT-000809,2018-PZKMU,Video calls keep freezing. Upload speed is only 14 Mbps on a 48 plan.,Network,High,0.6276
TKT-000810,3656-TKRVZ,Total outage in Kristineview since 13 Jun 2026. When will service be restored?,Network,Low,0.4971
TKT-000811,8946-BFWSG,My connection drops every 24 hours. I've already restarted my router.,Network,Low,0.1514
TKT-000812,9443-JUBUO,Why does my bill show an extra data overage charge of $111 this cycle?,Billing,Low,0.1058
TKT-000813,1731-TVIUK,My bill for January seems incorrect. I was charged $435 but my plan is $165.,Billing,Low,0.4476
TKT-000814,5440-VHLUL,WiFi keeps disconnecting on all 3 devices. ISP modem lights look normal.,Network,Low,0.3546
TKT-000815,6728-VOIFY,My connection drops every 42 hours. I've already restarted my router.,Network,High,0.4944
TKT-000816,3055-OYMSE,I never received my invoice for October. Please resend to holly15@example.net.,Billing,Low,0.4141
TKT-000817,5176-OLSKT,My 5G signal is extremely weak even with full bars showing on my handset.,Network,High,0.7581
TKT-000818,9710-NJERN,My auto-payment failed. Please confirm the status for $309 due on 18 Sep 2026.,Billing,Low,0.2877
TKT-000819,9825-YCXWZ,Video calls keep freezing. Upload speed is only 2 Mbps on a 36 plan.,Network,Low,0.3676
TKT-000820,6770-XUAGN,Total outage in Mccormickview since 23 Mar 2026. When will service be restored?,Network,Low,0.2456
TKT-000821,6614-YOLAC,Screen on my managed WiFi extender is cracked after delivery. Need replacement.,Hardware,High,0.4177
TKT-000822,0274-JKUJR,I was promised a discount of $312/month but my bill still shows full price.,Billing,Low,0.3081
TKT-000823,9667-TKTVZ,Packet loss is at 10% causing issues with online gaming and work VPN.,Network,Low,0.2532
TKT-000824,5149-TGWDZ,My SIM card appears to be defective — ICCID shows error on two different handsets.,Hardware,High,0.6323
TKT-000825,2451-YMUXS,One of the ethernet ports on the router stopped working after a power cut.,Hardware,Low,0.3927
TKT-000826,1564-NTYXF,Total outage in Waltershire since 08 May 2026. When will service be restored?,Network,Low,0.1564
TKT-000827,9558-IHEZX,My auto-payment failed. Please confirm the status for $453 due on 09 Jan 2026.,Billing,High,0.6085
TKT-000828,2223-KAGMX,Video calls keep freezing. Upload speed is only 1 Mbps on a 58 plan.,Network,High,0.5309
TKT-000829,9609-BENEA,My 5G signal is extremely weak even with full bars showing on my handset.,Network,Low,0.4559
TKT-000830,5278-PNYOX,Screen on my managed WiFi extender is cracked after delivery. Need replacement.,Hardware,High,0.4888
TKT-000831,7047-FWEYA,The optical port on my router is damaged and blinking red.,Hardware,Low,0.3138
TKT-000832,3521-HTQTV,Video calls keep freezing. Upload speed is only 20 Mbps on a 198 plan.,Network,Low,0.3437
TKT-000833,3092-IGHWF,Video calls keep freezing. Upload speed is only 8 Mbps on a 161 plan.,Network,Low,0.2887
TKT-000834,4124-MMETB,Total outage in North Jonfurt since 21 Jan 2026. When will service be restored?,Network,Low,0.3872
TKT-000835,5995-LFTLE,Video calls keep freezing. Upload speed is only 5 Mbps on a 138 plan.,Network,Low,0.404
TKT-000836,5299-RULOA,Video calls keep freezing. Upload speed is only 6 Mbps on a 38 plan.,Network,High,0.6484
TKT-000837,0330-IVZHA,The ping to international servers is 550ms — far worse than usual.,Network,Low,0.4154
TKT-000838,7926-IJOOU,Why does my bill show an extra data overage charge of $182 this cycle?,Billing,Low,0.4442
TKT-000839,0257-ZESQC,Packet loss is at 11% causing issues with online gaming and work VPN.,Network,High,0.5967
TKT-000840,9391-YZEJW,One of the ethernet ports on the router stopped working after a power cut.,Hardware,Low,0.2801
TKT-000841,2927-QRRQV,I never received my invoice for January. Please resend to urodriguez@example.org.,Billing,Low,0.1044
TKT-000842,2159-TURXX,Packet loss is at 28% causing issues with online gaming and work VPN.,Network,High,0.7286
TKT-000843,5995-SNNEW,Total outage in West Erinville since 30 Jan 2026. When will service be restored?,Network,High,0.6321
TKT-000844,8582-KRHPJ,Screen on my managed WiFi extender is cracked after delivery. Need replacement.,Hardware,Low,0.2428
TKT-000845,6289-CPNLD,One of the ethernet ports on the router stopped working after a power cut.,Hardware,Low,0.1329
TKT-000846,2791-SFVEW,My modem (XG-6741) isn't detected by the technician's mobile app.,Hardware,Low,0.4114
TKT-000847,9239-GZHZE,I never received my invoice for April. Please resend to gregory61@example.org.,Billing,Low,0.2383
TKT-000848,3126-WQMGH,Why does my bill show an extra data overage charge of $15 this cycle?,Billing,Low,0.3389
TKT-000849,5908-QMGOE,My connection drops every 10 hours. I've already restarted my router.,Network,High,0.5023
TKT-000850,5204-HMGYF,WiFi keeps disconnecting on all 10 devices. ISP modem lights look normal.,Network,Low,0.4865
TKT-000851,6892-EZDTG,The battery backup on my router depletes in 28 minutes — it used to last hours.,Hardware,Low,0.1625
TKT-000852,7176-WRTNX,I want to dispute a late fee of $337 that appeared on my latest bill.,Billing,High,0.4698
TKT-000853,5884-FBCTL,My auto-payment failed. Please confirm the status for $309 due on 30 Jan 2026.,Billing,Low,0.4006
TKT-000854,4070-OKWVH,The ping to international servers is 716ms — far worse than usual.,Network,Low,0.4694
TKT-000855,9889-TMAHG,My modem (XG-6690) isn't detected by the technician's mobile app.,Hardware,Low,0.1743
TKT-000856,0491-KAPQG,My SIM card appears to be defective — ICCID shows error on two different handsets.,Hardware,Low,0.2644
TKT-000857,9508-ILZDG,My connection drops every 2 hours. I've already restarted my router.,Network,High,0.7067
TKT-000858,0795-GMVQO,I've been experiencing slow internet speeds in Turnerstad for the past 23 days.,Network,Low,0.4574
TKT-000859,2580-ATZSQ,I was promised a discount of $395/month but my bill still shows full price.,Billing,Low,0.2327
TKT-000860,6692-UDPJC,Total outage in Lake John since 07 Jan 2026. When will service be restored?,Network,Low,0.331
TKT-000861,2279-AXJJK,Screen on my managed WiFi extender is cracked after delivery. Need replacement.,Hardware,Low,0.3596
TKT-000862,3027-YNWZU,I've been experiencing slow internet speeds in Richardsborough for the past 19 days.,Network,Low,0.4059
TKT-000863,9824-QCJPK,The ping to international servers is 712ms — far worse than usual.,Network,Low,0.424
TKT-000864,1023-BQXZE,The battery backup on my router depletes in 19 minutes — it used to last hours.,Hardware,Low,0.2995
TKT-000865,5893-KCLGT,My bill for December seems incorrect. I was charged $135 but my plan is $170.,Billing,Low,0.1366
TKT-000866,1925-LFCZZ,Total outage in Terrytown since 15 Feb 2026. When will service be restored?,Network,Low,0.4664
TKT-000867,9415-ZNBSX,My auto-payment failed. Please confirm the status for $221 due on 22 Apr 2026.,Billing,Low,0.403
TKT-000868,1303-SRDOK,I want to dispute a late fee of $230 that appeared on my latest bill.,Billing,High,0.6793
TKT-000869,3778-FOAQW,I never received my invoice for March. Please resend to christycampbell@example.net.,Billing,Low,0.135
TKT-000870,0756-MPZRL,Total outage in Jimmyside since 02 Mar 2026. When will service be restored?,Network,Low,0.2215
TKT-000871,6582-OIVSP,WiFi keeps disconnecting on all 3 devices. ISP modem lights look normal.,Network,High,0.7103
TKT-000872,5732-IKGQH,My 5G signal is extremely weak even with full bars showing on my handset.,Network,High,0.4581
TKT-000873,0952-KMEEH,I want to dispute a late fee of $179 that appeared on my latest bill.,Billing,High,0.7427
TKT-000874,2971-SGAFL,Why does my bill show an extra data overage charge of $310 this cycle?,Billing,High,0.532
TKT-000875,6557-BZXLQ,I received a faulty ONT device. It's not syncing and LED shows red.,Hardware,Low,0.3518
TKT-000876,0932-YIXYU,The ping to international servers is 451ms — far worse than usual.,Network,Low,0.4606
TKT-000877,7893-IXHRQ,I was promised a discount of $460/month but my bill still shows full price.,Billing,Low,0.2381
TKT-000878,7096-ZNBZI,The optical port on my router is damaged and blinking orange.,Hardware,High,0.5117
TKT-000879,5125-CNDSP,I never received my invoice for July. Please resend to dhardin@example.net.,Billing,Low,0.3131
TKT-000880,4237-RLAQD,WiFi keeps disconnecting on all 7 devices. ISP modem lights look normal.,Network,Low,0.3533
TKT-000881,2405-LBMUW,I never received my invoice for December. Please resend to rachelbrown@example.net.,Billing,Low,0.2432
TKT-000882,5170-PTRKA,Why does my bill show an extra data overage charge of $359 this cycle?,Billing,Low,0.3106
TKT-000883,6771-XWBDM,I was promised a discount of $411/month but my bill still shows full price.,Billing,Low,0.4274
TKT-000884,2452-MRMZF,My SIM card appears to be defective — ICCID shows error on two different handsets.,Hardware,High,0.5637
TKT-000885,4043-MKDTV,The battery backup on my router depletes in 15 minutes — it used to last hours.,Hardware,High,0.4689
TKT-000886,7627-JKIAZ,WiFi keeps disconnecting on all 8 devices. ISP modem lights look normal.,Network,Low,0.282
TKT-000887,8309-PPCED,I noticed a duplicate charge of $174 on my account dated 26 Apr 2026.,Billing,High,0.5379
TKT-000888,5193-QLVZB,My connection drops every 37 hours. I've already restarted my router.,Network,Low,0.1959
TKT-000889,0533-BNWKF,I want to dispute a late fee of $207 that appeared on my latest bill.,Billing,High,0.457
TKT-000890,1322-AGOQM,I've been experiencing slow internet speeds in Chapmanhaven for the past 4 days.,Network,High,0.6896
TKT-000891,8024-XNAFQ,I've been experiencing slow internet speeds in Dennischester for the past 7 days.,Network,High,0.5688
TKT-000892,1596-OQSPS,Total outage in Lake William since 05 Mar 2026. When will service be restored?,Network,Low,0.4842
TKT-000893,9507-EXLTT,I want to dispute a late fee of $114 that appeared on my latest bill.,Billing,High,0.4853
TKT-000894,8213-TAZPM,My modem (XG-8358) isn't detected by the technician's mobile app.,Hardware,Low,0.1346
TKT-000895,3096-GKWEB,My auto-payment failed. Please confirm the status for $46 due on 28 Apr 2026.,Billing,High,0.6637
TKT-000896,0401-WDBXM,I want to dispute a late fee of $499 that appeared on my latest bill.,Billing,High,0.7084
TKT-000897,1241-FPMOF,Total outage in Port Dillon since 06 Jul 2026. When will service be restored?,Network,Low,0.2473
TKT-000898,6024-RUGGH,My auto-payment failed. Please confirm the status for $29 due on 29 Jun 2026.,Billing,High,0.4707
TKT-000899,3243-ZHOHY,I've been experiencing slow internet speeds in Fitzgeraldland for the past 25 days.,Network,Low,0.215
TKT-000900,3253-HKOKL,Packet loss is at 30% causing issues with online gaming and work VPN.,Network,High,0.6327
TKT-000901,3537-RYBHH,I received a faulty ONT device. It's not syncing and LED shows red.,Hardware,High,0.5639
TKT-000902,7989-AWGEH,I never received my invoice for April. Please resend to johnthornton@example.net.,Billing,Low,0.1908
TKT-000903,4879-GZLFH,I received a faulty ONT device. It's not syncing and LED shows red.,Hardware,High,0.4158
TKT-000904,3007-FDPEA,I've been experiencing slow internet speeds in West Douglas for the past 25 days.,Network,High,0.6185
TKT-000905,7901-IIDQV,Please help me understand my itemised charges totalling $489.,Billing,Low,0.4358
TKT-000906,1794-HBQTJ,WiFi keeps disconnecting on all 9 devices. ISP modem lights look normal.,Network,Low,0.3784
TKT-000907,7670-ZBPOQ,My 5G signal is extremely weak even with full bars showing on my handset.,Network,High,0.6234
TKT-000908,8260-NGFNY,The ping to international servers is 741ms — far worse than usual.,Network,High,0.4887
TKT-000909,8749-JMNKX,Please help me understand my itemised charges totalling $385.,Billing,High,0.4884
TKT-000910,6121-VZNQB,Total outage in Port John since 04 Sep 2026. When will service be restored?,Network,Low,0.2532
TKT-000911,4062-HBMOS,The ping to international servers is 581ms — far worse than usual.,Network,High,0.7177
TKT-000912,1740-CSDJP,Screen on my managed WiFi extender is cracked after delivery. Need replacement.,Hardware,High,0.7068
TKT-000913,3258-SYSWS,My bill for October seems incorrect. I was charged $365 but my plan is $82.,Billing,Low,0.4156
TKT-000914,2229-DPMBI,Total outage in Nicolemouth since 24 Feb 2026. When will service be restored?,Network,Low,0.4946
TKT-000915,3580-REOAC,My connection drops every 2 hours. I've already restarted my router.,Network,Low,0.4938
TKT-000916,3565-UNOCC,I never received my invoice for January. Please resend to deborahsmith@example.com.,Billing,High,0.7335
TKT-000917,7677-SJJJK,My 5G signal is extremely weak even with full bars showing on my handset.,Network,High,0.4751
TKT-000918,3658-KIBGF,Video calls keep freezing. Upload speed is only 9 Mbps on a 171 plan.,Network,Low,0.1982
TKT-000919,2856-NNASM,I've been experiencing slow internet speeds in Port Juanstad for the past 16 days.,Network,Low,0.2566
TKT-000920,2667-WYLWJ,WiFi keeps disconnecting on all 3 devices. ISP modem lights look normal.,Network,Low,0.3435
TKT-000921,3391-JSQEW,My 5G signal is extremely weak even with full bars showing on my handset.,Network,Low,0.1839
TKT-000922,9529-OFXHY,The optical port on my router is damaged and blinking red.,Hardware,Low,0.396
TKT-000923,1205-WNWPJ,My 5G signal is extremely weak even with full bars showing on my handset.,Network,Low,0.3659
TKT-000924,6999-CHVCF,The battery backup on my router depletes in 24 minutes — it used to last hours.,Hardware,Low,0.2898
TKT-000925,1862-QRWPE,I've been experiencing slow internet speeds in Lake Jeffreyview for the past 7 days.,Network,Low,0.2079
TKT-000926,3389-KTRXV,I was promised a discount of $218/month but my bill still shows full price.,Billing,High,0.4886
TKT-000927,2150-WLKUW,My connection drops every 21 hours. I've already restarted my router.,Network,Low,0.2061
TKT-000928,1621-YNCJH,Packet loss is at 9% causing issues with online gaming and work VPN.,Network,Low,0.4482
TKT-000929,4389-UEFCZ,WiFi keeps disconnecting on all 2 devices. ISP modem lights look normal.,Network,High,0.6545
TKT-000930,2800-VEQXM,I never received my invoice for February. Please resend to garrettbeth@example.org.,Billing,High,0.6573
TKT-000931,7130-VTEWQ,My auto-payment failed. Please confirm the status for $253 due on 19 Feb 2026.,Billing,High,0.5036
TKT-000932,8714-EUHJO,I've been experiencing slow internet speeds in Halltown for the past 17 days.,Network,Low,0.2799
TKT-000933,3186-BAXNB,I noticed a duplicate charge of $369 on my account dated 30 May 2026.,Billing,Low,0.2417
TKT-000934,1685-VAYJF,I want to dispute a late fee of $121 that appeared on my latest bill.,Billing,Low,0.366
TKT-000935,5609-CEBID,My connection drops every 47 hours. I've already restarted my router.,Network,High,0.7203
TKT-000936,7964-VEXDG,The optical port on my router is damaged and blinking red.,Hardware,High,0.4724
TKT-000937,8775-LHDJH,WiFi keeps disconnecting on all 5 devices. ISP modem lights look normal.,Network,High,0.7795
TKT-000938,7446-SFAOA,Screen on my managed WiFi extender is cracked after delivery. Need replacement.,Hardware,High,0.4422
TKT-000939,9281-OFDMF,Screen on my managed WiFi extender is cracked after delivery. Need replacement.,Hardware,High,0.7136
TKT-000940,7820-ZYGNY,I never received my invoice for May. Please resend to christina65@example.org.,Billing,Low,0.1351
TKT-000941,1262-OPMFY,My set-top box (model XG-8971) reboots randomly every 20 hours.,Hardware,High,0.4926
TKT-000942,0641-EVBOJ,The ping to international servers is 208ms — far worse than usual.,Network,Low,0.4463
TKT-000943,5846-ABOBJ,One of the ethernet ports on the router stopped working after a power cut.,Hardware,Low,0.1628
TKT-000944,6599-GZWCM,My 5G signal is extremely weak even with full bars showing on my handset.,Network,Low,0.2947
TKT-000945,1666-JXLKU,I never received my invoice for December. Please resend to smitherica@example.com.,Billing,Low,0.2575
TKT-000946,7502-BNYGS,My auto-payment failed. Please confirm the status for $475 due on 04 Apr 2026.,Billing,Low,0.1858
TKT-000947,5119-NZPTV,My modem (XG-1317) isn't detected by the technician's mobile app.,Hardware,High,0.6486
TKT-000948,0691-IFBQW,I was promised a discount of $394/month but my bill still shows full price.,Billing,High,0.698
TKT-000949,4393-OBCRR,My modem (XG-4659) isn't detected by the technician's mobile app.,Hardware,High,0.7061
TKT-000950,5781-BKHOP,The battery backup on my router depletes in 22 minutes — it used to last hours.,Hardware,Low,0.2188
TKT-000951,9469-WEJBT,Total outage in Biancashire since 05 May 2026. When will service be restored?,Network,Low,0.3358
TKT-000952,2100-BDNSN,Screen on my managed WiFi extender is cracked after delivery. Need replacement.,Hardware,High,0.4869
TKT-000953,9933-QRGTX,Screen on my managed WiFi extender is cracked after delivery. Need replacement.,Hardware,High,0.4857
TKT-000954,0130-SXOUN,The battery backup on my router depletes in 23 minutes — it used to last hours.,Hardware,High,0.4564
TKT-000955,3486-NPGST,Why does my bill show an extra data overage charge of $499 this cycle?,Billing,High,0.729
TKT-000956,7284-ZZLOH,I've been experiencing slow internet speeds in Port Joshuabury for the past 21 days.,Network,Low,0.4608
TKT-000957,2279-AXJJK,My bill for September seems incorrect. I was charged $462 but my plan is $160.,Billing,Low,0.3721
TKT-000958,2228-BZDEE,Video calls keep freezing. Upload speed is only 12 Mbps on a 90 plan.,Network,Low,0.3312
TKT-000959,3318-OSATS,I've been experiencing slow internet speeds in South Destinyberg for the past 21 days.,Network,Low,0.3217
TKT-000960,1977-STDKI,My 5G signal is extremely weak even with full bars showing on my handset.,Network,High,0.6354
TKT-000961,9172-ANCRX,Total outage in Coleside since 03 Feb 2026. When will service be restored?,Network,Low,0.3378
TKT-000962,0489-WMEMG,My 5G signal is extremely weak even with full bars showing on my handset.,Network,High,0.6021
TKT-000963,0386-CWRGM,My modem (XG-3689) isn't detected by the technician's mobile app.,Hardware,High,0.4461
TKT-000964,7595-EUIVN,My set-top box (model XG-9370) reboots randomly every 40 hours.,Hardware,High,0.444
TKT-000965,5060-TQUQN,My auto-payment failed. Please confirm the status for $396 due on 25 Jan 2026.,Billing,Low,0.4333
TKT-000966,9220-CXRSC,My bill for May seems incorrect. I was charged $238 but my plan is $184.,Billing,High,0.5687
TKT-000967,4592-IWTJI,I noticed a duplicate charge of $390 on my account dated 30 May 2026.,Billing,High,0.7336
TKT-000968,7752-XUSCI,My modem (XG-3964) isn't detected by the technician's mobile app.,Hardware,Low,0.1573
TKT-000969,6624-JDRDS,The ping to international servers is 603ms — far worse than usual.,Network,Low,0.344
TKT-000970,2077-DDHJK,The optical port on my router is damaged and blinking red.,Hardware,High,0.4727
TKT-000971,7080-TNUWP,I never received my invoice for March. Please resend to adrianthomas@example.org.,Billing,High,0.4886
TKT-000972,5524-KHNJP,I want to dispute a late fee of $404 that appeared on my latest bill.,Billing,Low,0.1105
TKT-000973,9249-FXSCK,My set-top box (model XG-5475) reboots randomly every 1 hours.,Hardware,Low,0.1416
TKT-000974,1183-CANVH,My SIM card appears to be defective — ICCID shows error on two different handsets.,Hardware,High,0.7209
TKT-000975,2267-WTPYD,Please help me understand my itemised charges totalling $221.,Billing,Low,0.2125
TKT-000976,1219-NNDDO,My 5G signal is extremely weak even with full bars showing on my handset.,Network,High,0.6628
TKT-000977,7569-NMZYQ,Please help me understand my itemised charges totalling $415.,Billing,Low,0.2628
TKT-000978,6893-ODYYE,I received a faulty ONT device. It's not syncing and LED shows red.,Hardware,High,0.5402
TKT-000979,8224-KDLKN,I was promised a discount of $200/month but my bill still shows full price.,Billing,Low,0.2862
TKT-000980,3347-YJZZE,My 5G signal is extremely weak even with full bars showing on my handset.,Network,High,0.5155
TKT-000981,4128-ETESU,I never received my invoice for February. Please resend to scottthompson@example.net.,Billing,Low,0.446
TKT-000982,6103-BOCOU,My set-top box (model XG-4715) reboots randomly every 1 hours.,Hardware,High,0.6864
TKT-000983,8413-VONUO,Why does my bill show an extra data overage charge of $260 this cycle?,Billing,Low,0.3596
TKT-000984,4003-OCTMP,The ping to international servers is 292ms — far worse than usual.,Network,High,0.6141
TKT-000985,7670-ZBPOQ,My connection drops every 26 hours. I've already restarted my router.,Network,Low,0.2035
TKT-000986,3675-YDUPJ,My 5G signal is extremely weak even with full bars showing on my handset.,Network,Low,0.4722
TKT-000987,7394-FKDNK,Screen on my managed WiFi extender is cracked after delivery. Need replacement.,Hardware,Low,0.2195
TKT-000988,7950-XWOVN,I've been experiencing slow internet speeds in Gregoryberg for the past 2 days.,Network,Low,0.1675
TKT-000989,5951-AOFIH,My connection drops every 23 hours. I've already restarted my router.,Network,Low,0.2698
TKT-000990,8624-GIOUT,I noticed a duplicate charge of $52 on my account dated 18 Jul 2026.,Billing,Low,0.3781
TKT-000991,8229-MYEJZ,Packet loss is at 18% causing issues with online gaming and work VPN.,Network,Low,0.3679
TKT-000992,5981-ITEMU,My bill for March seems incorrect. I was charged $488 but my plan is $159.,Billing,Low,0.3628
TKT-000993,7240-ETPTR,I've been experiencing slow internet speeds in Karenbury for the past 4 days.,Network,High,0.7278
TKT-000994,3787-TRIAL,Packet loss is at 17% causing issues with online gaming and work VPN.,Network,High,0.5242
TKT-000995,8778-LMWTJ,I received a faulty ONT device. It's not syncing and LED shows red.,Hardware,High,0.7233
TKT-000996,2108-GLPQB,I noticed a duplicate charge of $61 on my account dated 21 Jan 2026.,Billing,Low,0.2533
TKT-000997,6408-WHTEF,I was promised a discount of $20/month but my bill still shows full price.,Billing,Low,0.3237
TKT-000998,4056-QHXHZ,The ping to international servers is 780ms — far worse than usual.,Network,Low,0.1508
TKT-000999,0266-CLZKZ,I received a faulty ONT device. It's not syncing and LED shows red.,Hardware,Low,0.4477
TKT-001000,1666-JXLKU,One of the ethernet ports on the router stopped working after a power cut.,Hardware,Low,0.1983
TKT-001001,1373-ORVIZ,I want to dispute a late fee of $78 that appeared on my latest bill.,Billing,High,0.4217
TKT-001002,2207-RYYRL,I've been experiencing slow internet speeds in Travischester for the past 11 days.,Network,High,0.6104
TKT-001003,3551-GAEGL,Video calls keep freezing. Upload speed is only 18 Mbps on a 171 plan.,Network,High,0.4952
TKT-001004,2501-XWWTZ,My SIM card appears to be defective — ICCID shows error on two different handsets.,Hardware,Low,0.1533
TKT-001005,8372-JUXUI,I was promised a discount of $31/month but my bill still shows full price.,Billing,Low,0.3213
TKT-001006,1273-MTETI,My auto-payment failed. Please confirm the status for $393 due on 21 May 2026.,Billing,High,0.5375
TKT-001007,5103-MHMHY,Please help me understand my itemised charges totalling $405.,Billing,Low,0.4226
TKT-001008,0455-ENTCR,My bill for June seems incorrect. I was charged $199 but my plan is $101.,Billing,Low,0.2117
TKT-001009,0022-TCJCI,My SIM card appears to be defective — ICCID shows error on two different handsets.,Hardware,High,0.6542
TKT-001010,6260-XLACS,WiFi keeps disconnecting on all 6 devices. ISP modem lights look normal.,Network,Low,0.3114
TKT-001011,3683-QKIUE,Total outage in Jacksonstad since 28 Jan 2026. When will service be restored?,Network,Low,0.381
TKT-001012,9611-CTWIH,The ping to international servers is 242ms — far worse than usual.,Network,Low,0.3599
TKT-001013,8648-PFRMP,Packet loss is at 12% causing issues with online gaming and work VPN.,Network,High,0.6155
TKT-001014,7566-DSRLQ,Why does my bill show an extra data overage charge of $103 this cycle?,Billing,Low,0.4325
TKT-001015,0848-ZGQIJ,Packet loss is at 12% causing issues with online gaming and work VPN.,Network,High,0.5699
TKT-001016,2245-ADZFJ,I want to dispute a late fee of $485 that appeared on my latest bill.,Billing,Low,0.162
TKT-001017,8710-YGLWG,Please help me understand my itemised charges totalling $314.,Billing,Low,0.3373
TKT-001018,5180-UCIIQ,I've been experiencing slow internet speeds in Lindatown for the past 9 days.,Network,Low,0.4461
TKT-001019,7599-FKVXZ,My auto-payment failed. Please confirm the status for $30 due on 29 Sep 2026.,Billing,Low,0.1141
TKT-001020,3466-WAESX,Total outage in Lake Susanmouth since 25 Jun 2026. When will service be restored?,Network,Low,0.3074
TKT-001021,6384-VMJHP,My auto-payment failed. Please confirm the status for $97 due on 04 Sep 2026.,Billing,High,0.7124
TKT-001022,0691-IFBQW,My auto-payment failed. Please confirm the status for $442 due on 16 Jun 2026.,Billing,Low,0.3624
TKT-001023,6865-JZNKO,My modem (XG-4804) isn't detected by the technician's mobile app.,Hardware,High,0.7471
TKT-001024,9124-LHCJQ,Please help me understand my itemised charges totalling $236.,Billing,Low,0.286
TKT-001025,5196-WPYOW,I was promised a discount of $414/month but my bill still shows full price.,Billing,Low,0.331
TKT-001026,7089-XXAYG,I received a faulty ONT device. It's not syncing and LED shows red.,Hardware,Low,0.2059
TKT-001027,4203-QGNZA,I want to dispute a late fee of $137 that appeared on my latest bill.,Billing,Low,0.4316
TKT-001028,8067-NIOYM,My SIM card appears to be defective — ICCID shows error on two different handsets.,Hardware,High,0.5282
TKT-001029,8751-EDEKA,I was promised a discount of $55/month but my bill still shows full price.,Billing,High,0.6585
TKT-001030,6650-VJONK,My auto-payment failed. Please confirm the status for $443 due on 22 May 2026.,Billing,High,0.5411
TKT-001031,3428-XZMAZ,My bill for July seems incorrect. I was charged $138 but my plan is $50.,Billing,Low,0.2966
TKT-001032,4524-QCSSM,I was promised a discount of $169/month but my bill still shows full price.,Billing,Low,0.3519
TKT-001033,1732-FEKLD,The ping to international servers is 178ms — far worse than usual.,Network,Low,0.3281
TKT-001034,5394-SVGJV,I noticed a duplicate charge of $408 on my account dated 29 Mar 2026.,Billing,Low,0.4175
TKT-001035,1122-JWTJW,I never received my invoice for June. Please resend to rrogers@example.com.,Billing,Low,0.2468
TKT-001036,5089-IFSDP,Video calls keep freezing. Upload speed is only 12 Mbps on a 63 plan.,Network,High,0.6765
TKT-001037,3161-GETRM,I noticed a duplicate charge of $375 on my account dated 22 Jan 2026.,Billing,Low,0.2198
TKT-001038,1335-MXCSE,Please help me understand my itemised charges totalling $356.,Billing,Low,0.2429
TKT-001039,3549-ZTMNH,I was promised a discount of $394/month but my bill still shows full price.,Billing,Low,0.254
TKT-001040,0089-IIQKO,Why does my bill show an extra data overage charge of $441 this cycle?,Billing,Low,0.144
TKT-001041,6752-APNJL,Total outage in Lake Julie since 14 Jan 2026. When will service be restored?,Network,High,0.4821
TKT-001042,1282-IHQAC,I've been experiencing slow internet speeds in Hillmouth for the past 29 days.,Network,Low,0.3836
TKT-001043,5914-DVBWJ,Video calls keep freezing. Upload speed is only 4 Mbps on a 43 plan.,Network,Low,0.3794
TKT-001044,2495-TTHBQ,The ping to international servers is 588ms — far worse than usual.,Network,Low,0.382
TKT-001045,3426-NIYYL,Total outage in South Lisa since 10 Aug 2026. When will service be restored?,Network,Low,0.1569
TKT-001046,2474-LCNUE,Packet loss is at 34% causing issues with online gaming and work VPN.,Network,Low,0.2643
TKT-001047,6258-PVZWJ,I noticed a duplicate charge of $462 on my account dated 21 Aug 2026.,Billing,Low,0.1692
TKT-001048,7672-VFMXZ,The ping to international servers is 245ms — far worse than usual.,Network,High,0.7224
TKT-001049,7176-WRTNX,Screen on my managed WiFi extender is cracked after delivery. Need replacement.,Hardware,Low,0.4012
TKT-001050,6120-RJKLU,I never received my invoice for May. Please resend to ftaylor@example.net.,Billing,Low,0.1863
TKT-001051,7404-JLKQG,My connection drops every 11 hours. I've already restarted my router.,Network,Low,0.3837
TKT-001052,0960-HUWBM,My SIM card appears to be defective — ICCID shows error on two different handsets.,Hardware,High,0.4453
TKT-001053,2308-STERM,My 5G signal is extremely weak even with full bars showing on my handset.,Network,Low,0.2463
TKT-001054,6559-RAKOZ,WiFi keeps disconnecting on all 4 devices. ISP modem lights look normal.,Network,Low,0.1985
TKT-001055,9602-WCXPI,I received a faulty ONT device. It's not syncing and LED shows red.,Hardware,Low,0.1992
TKT-001056,8481-YYXWG,I noticed a duplicate charge of $134 on my account dated 15 Apr 2026.,Billing,High,0.6362
TKT-001057,8434-PNQZX,WiFi keeps disconnecting on all 9 devices. ISP modem lights look normal.,Network,Low,0.4686
TKT-001058,0697-ZMSWS,The ping to international servers is 444ms — far worse than usual.,Network,Low,0.2209
TKT-001059,0052-YNYOT,My connection drops every 48 hours. I've already restarted my router.,Network,Low,0.3397
TKT-001060,9979-RGMZT,Video calls keep freezing. Upload speed is only 2 Mbps on a 30 plan.,Network,Low,0.3955
TKT-001061,9944-AEXBM,My set-top box (model XG-1003) reboots randomly every 7 hours.,Hardware,Low,0.4335
TKT-001062,8714-CTZJW,I was promised a discount of $431/month but my bill still shows full price.,Billing,Low,0.3135
TKT-001063,3082-WQRVY,I noticed a duplicate charge of $246 on my account dated 18 Apr 2026.,Billing,Low,0.1893
TKT-001064,7638-QVMVY,My 5G signal is extremely weak even with full bars showing on my handset.,Network,High,0.6689
TKT-001065,3503-TYDAY,I was promised a discount of $224/month but my bill still shows full price.,Billing,High,0.5122
TKT-001066,8098-LLAZX,I noticed a duplicate charge of $40 on my account dated 20 Sep 2026.,Billing,Low,0.4416
TKT-001067,7928-VJYAB,Packet loss is at 32% causing issues with online gaming and work VPN.,Network,Low,0.2899
TKT-001068,8104-OSKWT,I've been experiencing slow internet speeds in Stephaniechester for the past 13 days.,Network,Low,0.3899
TKT-001069,1395-OFUWC,Please help me understand my itemised charges totalling $247.,Billing,High,0.4081
TKT-001070,0644-OQMDK,I received a faulty ONT device. It's not syncing and LED shows red.,Hardware,Low,0.24
TKT-001071,8706-HRADD,WiFi keeps disconnecting on all 2 devices. ISP modem lights look normal.,Network,Low,0.4563
TKT-001072,2159-TURXX,Packet loss is at 17% causing issues with online gaming and work VPN.,Network,High,0.6636
TKT-001073,2569-WGERO,My 5G signal is extremely weak even with full bars showing on my handset.,Network,High,0.6054
TKT-001074,8705-WZCYL,Please help me understand my itemised charges totalling $378.,Billing,Low,0.4276
TKT-001075,2360-RDGRO,My connection drops every 30 hours. I've already restarted my router.,Network,Low,0.4489
TKT-001076,2609-IAICY,My set-top box (model XG-9695) reboots randomly every 38 hours.,Hardware,High,0.5128
TKT-001077,3536-IQCTX,WiFi keeps disconnecting on all 10 devices. ISP modem lights look normal.,Network,Low,0.3406
TKT-001078,6211-WWLTF,My 5G signal is extremely weak even with full bars showing on my handset.,Network,High,0.6214
TKT-001079,7636-OWBPG,Packet loss is at 48% causing issues with online gaming and work VPN.,Network,Low,0.3713
TKT-001080,6629-LADHQ,My bill for April seems incorrect. I was charged $60 but my plan is $63.,Billing,Low,0.2169
TKT-001081,0426-TIRNE,Total outage in Lake Lori since 18 Jul 2026. When will service be restored?,Network,High,0.5355
TKT-001082,1374-DMZUI,My bill for July seems incorrect. I was charged $498 but my plan is $91.,Billing,High,0.7194
TKT-001083,2408-PSJVE,Please help me understand my itemised charges totalling $271.,Billing,Low,0.4234
TKT-001084,6568-POCUI,Total outage in Isabelbury since 19 Mar 2026. When will service be restored?,Network,High,0.7452
TKT-001085,7044-YAACC,Total outage in West Danielstad since 11 May 2026. When will service be restored?,Network,High,0.7924
TKT-001086,3071-MVJCD,My auto-payment failed. Please confirm the status for $327 due on 17 May 2026.,Billing,High,0.6607
TKT-001087,8780-IXSTS,Packet loss is at 5% causing issues with online gaming and work VPN.,Network,Low,0.4176
TKT-001088,1448-CYWKC,Packet loss is at 13% causing issues with online gaming and work VPN.,Network,Low,0.4169
TKT-001089,4090-KPJIP,Please help me understand my itemised charges totalling $293.,Billing,High,0.5682
TKT-001090,5515-AKOAJ,I was promised a discount of $160/month but my bill still shows full price.,Billing,Low,0.2598
TKT-001091,8402-EIVQS,The battery backup on my router depletes in 5 minutes — it used to last hours.,Hardware,High,0.4841
TKT-001092,2504-DSHIH,I want to dispute a late fee of $177 that appeared on my latest bill.,Billing,High,0.6257
TKT-001093,6418-PIQSP,The battery backup on my router depletes in 14 minutes — it used to last hours.,Hardware,High,0.5013
TKT-001094,6211-WHMYA,I noticed a duplicate charge of $425 on my account dated 23 Apr 2026.,Billing,Low,0.1902
TKT-001095,0122-OAHPZ,I want to dispute a late fee of $480 that appeared on my latest bill.,Billing,Low,0.3051
TKT-001096,6827-IEAUQ,My connection drops every 31 hours. I've already restarted my router.,Network,High,0.5935
TKT-001097,3796-ENZGF,My modem (XG-8705) isn't detected by the technician's mobile app.,Hardware,Low,0.1766
TKT-001098,9102-IAYHT,Video calls keep freezing. Upload speed is only 1 Mbps on a 160 plan.,Network,High,0.7356
TKT-001099,5054-IEXZT,I've been experiencing slow internet speeds in Lake Michaelstad for the past 20 days.,Network,Low,0.4512
TKT-001100,8696-JKZNU,The ping to international servers is 227ms — far worse than usual.,Network,High,0.5087
TKT-001101,0324-BRPCJ,My bill for January seems incorrect. I was charged $68 but my plan is $133.,Billing,Low,0.1026
TKT-001102,4546-FOKWR,My bill for March seems incorrect. I was charged $128 but my plan is $93.,Billing,High,0.5176
TKT-001103,0016-QLJIS,My bill for January seems incorrect. I was charged $343 but my plan is $83.,Billing,High,0.6791
TKT-001104,5494-HECPR,My connection drops every 27 hours. I've already restarted my router.,Network,Low,0.4437
TKT-001105,2569-WGERO,Video calls keep freezing. Upload speed is only 8 Mbps on a 129 plan.,Network,Low,0.1984
TKT-001106,6865-JZNKO,Screen on my managed WiFi extender is cracked after delivery. Need replacement.,Hardware,Low,0.371
TKT-001107,0621-CXBKL,My 5G signal is extremely weak even with full bars showing on my handset.,Network,Low,0.1905
TKT-001108,6959-GQEGV,My SIM card appears to be defective — ICCID shows error on two different handsets.,Hardware,Low,0.2365
TKT-001109,3146-MSEGF,Total outage in East Donaldshire since 04 Jan 2026. When will service be restored?,Network,Low,0.4995
TKT-001110,1322-AGOQM,I want to dispute a late fee of $363 that appeared on my latest bill.,Billing,High,0.4674
TKT-001111,0348-SDKOL,My 5G signal is extremely weak even with full bars showing on my handset.,Network,High,0.5039
TKT-001112,9208-OLGAQ,My bill for August seems incorrect. I was charged $86 but my plan is $35.,Billing,Low,0.248
TKT-001113,5071-FBJFS,My connection drops every 28 hours. I've already restarted my router.,Network,Low,0.3669
TKT-001114,7817-BOQPW,Why does my bill show an extra data overage charge of $59 this cycle?,Billing,Low,0.4265
TKT-001115,2097-YVPKN,My auto-payment failed. Please confirm the status for $282 due on 15 Jun 2026.,Billing,Low,0.4433
TKT-001116,8563-OYMQY,Screen on my managed WiFi extender is cracked after delivery. Need replacement.,Hardware,Low,0.1244
TKT-001117,1271-UODNO,My auto-payment failed. Please confirm the status for $387 due on 05 Jul 2026.,Billing,Low,0.1483
TKT-001118,2725-IWWBA,WiFi keeps disconnecting on all 3 devices. ISP modem lights look normal.,Network,High,0.7268
TKT-001119,0623-EJQEG,Total outage in Ryanfort since 05 Sep 2026. When will service be restored?,Network,High,0.5447
TKT-001120,0396-HUJBP,The battery backup on my router depletes in 16 minutes — it used to last hours.,Hardware,High,0.7097
TKT-001121,1930-QPBVZ,My SIM card appears to be defective — ICCID shows error on two different handsets.,Hardware,Low,0.3322
TKT-001122,8976-OQHGT,I received a faulty ONT device. It's not syncing and LED shows red.,Hardware,Low,0.1391
TKT-001123,9488-FVZCC,My SIM card appears to be defective — ICCID shows error on two different handsets.,Hardware,Low,0.3914
TKT-001124,7531-GQHME,Video calls keep freezing. Upload speed is only 12 Mbps on a 126 plan.,Network,Low,0.2117
TKT-001125,6726-WEXXK,Video calls keep freezing. Upload speed is only 4 Mbps on a 48 plan.,Network,Low,0.2982
TKT-001126,2338-BQEZT,Why does my bill show an extra data overage charge of $463 this cycle?,Billing,Low,0.2933
TKT-001127,9367-TCUYN,My SIM card appears to be defective — ICCID shows error on two different handsets.,Hardware,Low,0.2753
TKT-001128,0228-MAUWC,My SIM card appears to be defective — ICCID shows error on two different handsets.,Hardware,Low,0.3402
TKT-001129,8212-CRQXP,I noticed a duplicate charge of $296 on my account dated 24 Mar 2026.,Billing,Low,0.3284
TKT-001130,3318-NMQXL,I never received my invoice for January. Please resend to velasqueztaylor@example.com.,Billing,Low,0.4472
TKT-001131,3621-CHYVB,My connection drops every 36 hours. I've already restarted my router.,Network,Low,0.4998
TKT-001132,6813-GZQCG,My auto-payment failed. Please confirm the status for $367 due on 04 Apr 2026.,Billing,Low,0.2808
TKT-001133,7251-XFOIL,I noticed a duplicate charge of $387 on my account dated 20 Mar 2026.,Billing,Low,0.1333
TKT-001134,9970-QBCDA,My bill for February seems incorrect. I was charged $451 but my plan is $37.,Billing,High,0.6547
TKT-001135,3815-SLMEF,The optical port on my router is damaged and blinking red.,Hardware,Low,0.4418
TKT-001136,6569-KTMDU,My connection drops every 19 hours. I've already restarted my router.,Network,High,0.5614
TKT-001137,6289-CPNLD,WiFi keeps disconnecting on all 10 devices. ISP modem lights look normal.,Network,Low,0.3114
TKT-001138,8805-JNRAZ,My bill for February seems incorrect. I was charged $269 but my plan is $141.,Billing,Low,0.2487
TKT-001139,4518-FZBSX,Packet loss is at 38% causing issues with online gaming and work VPN.,Network,High,0.468
TKT-001140,2239-CGBUZ,I was promised a discount of $86/month but my bill still shows full price.,Billing,High,0.6353
TKT-001141,2809-ZMYOQ,The ping to international servers is 581ms — far worse than usual.,Network,High,0.5737
TKT-001142,1855-AGAWH,Please help me understand my itemised charges totalling $326.,Billing,Low,0.3756
TKT-001143,9798-DRYDS,I've been experiencing slow internet speeds in Nathanielchester for the past 28 days.,Network,High,0.7412
TKT-001144,1345-GKDZZ,I want to dispute a late fee of $448 that appeared on my latest bill.,Billing,Low,0.3874
TKT-001145,5813-UECBU,My auto-payment failed. Please confirm the status for $280 due on 02 Mar 2026.,Billing,Low,0.2458
TKT-001146,2507-QZPQS,My 5G signal is extremely weak even with full bars showing on my handset.,Network,Low,0.2625
TKT-001147,2279-AXJJK,Video calls keep freezing. Upload speed is only 4 Mbps on a 165 plan.,Network,High,0.7121
TKT-001148,5136-KCKGI,The ping to international servers is 291ms — far worse than usual.,Network,Low,0.4305
TKT-001149,8740-XLHDR,Why does my bill show an extra data overage charge of $288 this cycle?,Billing,High,0.5719
TKT-001150,4062-HBMOS,I want to dispute a late fee of $451 that appeared on my latest bill.,Billing,Low,0.4126
TKT-001151,4547-KQRTM,I never received my invoice for August. Please resend to richard47@example.com.,Billing,High,0.4504
TKT-001152,2087-QAREY,I've been experiencing slow internet speeds in East Michael for the past 8 days.,Network,Low,0.4577
TKT-001153,1051-EQPZR,My connection drops every 10 hours. I've already restarted my router.,Network,High,0.4836
TKT-001154,3256-EZDBI,I noticed a duplicate charge of $288 on my account dated 04 Jan 2026.,Billing,Low,0.1537
TKT-001155,8058-JMEQO,Packet loss is at 9% causing issues with online gaming and work VPN.,Network,Low,0.3368
TKT-001156,0285-INHLN,WiFi keeps disconnecting on all 4 devices. ISP modem lights look normal.,Network,Low,0.1736
TKT-001157,7301-ABVAD,My connection drops every 36 hours. I've already restarted my router.,Network,Low,0.1685
TKT-001158,4455-BFSPD,Please help me understand my itemised charges totalling $336.,Billing,Low,0.1002
TKT-001159,1803-BGNBD,The ping to international servers is 178ms — far worse than usual.,Network,High,0.6027
TKT-001160,1981-INRFU,I want to dispute a late fee of $65 that appeared on my latest bill.,Billing,High,0.6711
TKT-001161,3522-CDKHF,The ping to international servers is 721ms — far worse than usual.,Network,High,0.4622
TKT-001162,4818-QIUFN,I want to dispute a late fee of $181 that appeared on my latest bill.,Billing,High,0.6283
TKT-001163,0384-LPITE,I've been experiencing slow internet speeds in Melissaborough for the past 21 days.,Network,High,0.7381
TKT-001164,4627-MIHJH,I've been experiencing slow internet speeds in Tammymouth for the past 4 days.,Network,Low,0.2088
TKT-001165,5405-ZMYXQ,Packet loss is at 6% causing issues with online gaming and work VPN.,Network,Low,0.2014
TKT-001166,1228-ZLNBX,My auto-payment failed. Please confirm the status for $61 due on 11 Jun 2026.,Billing,Low,0.4013
TKT-001167,7427-AUFPY,I was promised a discount of $302/month but my bill still shows full price.,Billing,Low,0.3881
TKT-001168,3787-TRIAL,I've been experiencing slow internet speeds in South Rebecca for the past 10 days.,Network,Low,0.3386
TKT-001169,8749-TZYEC,I never received my invoice for March. Please resend to thall@example.org.,Billing,High,0.6867
TKT-001170,4227-OJHAL,My bill for November seems incorrect. I was charged $320 but my plan is $42.,Billing,High,0.4325
TKT-001171,2639-UGMAZ,Please help me understand my itemised charges totalling $140.,Billing,Low,0.2381
TKT-001172,6563-VNPMN,Please help me understand my itemised charges totalling $55.,Billing,Low,0.3582
TKT-001173,7402-EYFXX,I noticed a duplicate charge of $160 on my account dated 27 May 2026.,Billing,High,0.4901
TKT-001174,6184-DYUOB,My auto-payment failed. Please confirm the status for $160 due on 28 Jun 2026.,Billing,High,0.6633
TKT-001175,0956-SYCWG,Please help me understand my itemised charges totalling $89.,Billing,Low,0.2765
TKT-001176,7055-JCGNI,Total outage in Stokesburgh since 24 Sep 2026. When will service be restored?,Network,Low,0.4126
TKT-001177,8065-BVEPF,My bill for May seems incorrect. I was charged $438 but my plan is $102.,Billing,High,0.5626
TKT-001178,2359-QWQUL,I was promised a discount of $184/month but my bill still shows full price.,Billing,High,0.5288
TKT-001179,4695-WJZUE,My connection drops every 37 hours. I've already restarted my router.,Network,Low,0.2267
TKT-001180,7225-CBZPL,The ping to international servers is 685ms — far worse than usual.,Network,High,0.5229
TKT-001181,9894-EZEWG,One of the ethernet ports on the router stopped working after a power cut.,Hardware,Low,0.363
TKT-001182,7950-XWOVN,My modem (XG-2025) isn't detected by the technician's mobile app.,Hardware,Low,0.1416
TKT-001183,1724-IQWNM,I was promised a discount of $267/month but my bill still shows full price.,Billing,Low,0.1301
TKT-001184,4013-TLDHQ,My set-top box (model XG-6265) reboots randomly every 6 hours.,Hardware,Low,0.1617
TKT-001185,2545-EBUPK,I never received my invoice for December. Please resend to wilsonlisa@example.com.,Billing,Low,0.1614
TKT-001186,1796-JANOW,My auto-payment failed. Please confirm the status for $336 due on 13 Sep 2026.,Billing,Low,0.3881
TKT-001187,4512-ZUIYL,My SIM card appears to be defective — ICCID shows error on two different handsets.,Hardware,Low,0.2395
TKT-001188,6728-VOIFY,The optical port on my router is damaged and blinking red.,Hardware,High,0.7466
TKT-001189,9620-ENEJV,My 5G signal is extremely weak even with full bars showing on my handset.,Network,Low,0.198
TKT-001190,0895-UADGO,Total outage in Andrewshire since 08 Mar 2026. When will service be restored?,Network,Low,0.3787
TKT-001191,9231-ZJYAM,My connection drops every 25 hours. I've already restarted my router.,Network,Low,0.3071
TKT-001192,7029-RPUAV,WiFi keeps disconnecting on all 5 devices. ISP modem lights look normal.,Network,High,0.5875
TKT-001193,1139-WUOAH,I want to dispute a late fee of $167 that appeared on my latest bill.,Billing,High,0.7063
TKT-001194,2642-MAWLJ,My bill for June seems incorrect. I was charged $428 but my plan is $54.,Billing,High,0.7415
TKT-001195,7976-CICYS,I noticed a duplicate charge of $213 on my account dated 19 Jun 2026.,Billing,Low,0.4055
TKT-001196,5256-SKJGO,I received a faulty ONT device. It's not syncing and LED shows red.,Hardware,Low,0.1673
TKT-001197,7047-FWEYA,Video calls keep freezing. Upload speed is only 16 Mbps on a 169 plan.,Network,Low,0.2273
TKT-001198,6230-BSUXY,My modem (XG-7691) isn't detected by the technician's mobile app.,Hardware,Low,0.3296
TKT-001199,6474-FVJLC,My SIM card appears to be defective — ICCID shows error on two different handsets.,Hardware,High,0.5012
TKT-001200,2839-RFSQE,Please help me understand my itemised charges totalling $368.,Billing,High,0.6572
TKT-001201,4190-MFLUW,Screen on my managed WiFi extender is cracked after delivery. Need replacement.,Hardware,Low,0.2982
TKT-001202,8329-UTMVM,I was promised a discount of $357/month but my bill still shows full price.,Billing,High,0.5928
TKT-001203,1543-LLLFT,My connection drops every 12 hours. I've already restarted my router.,Network,Low,0.44
TKT-001204,2302-ANTDP,I've been experiencing slow internet speeds in East Stevenville for the past 18 days.,Network,Low,0.3987
TKT-001205,9795-SHUHB,I never received my invoice for September. Please resend to allenmurray@example.com.,Billing,Low,0.1093
TKT-001206,3538-WZPHD,I want to dispute a late fee of $269 that appeared on my latest bill.,Billing,High,0.4173
TKT-001207,0869-PAPRP,Why does my bill show an extra data overage charge of $241 this cycle?,Billing,High,0.6105
TKT-001208,3247-MHJKM,I was promised a discount of $239/month but my bill still shows full price.,Billing,Low,0.2702
TKT-001209,7921-BEPCI,I noticed a duplicate charge of $324 on my account dated 20 Jan 2026.,Billing,High,0.4911
TKT-001210,1689-MRZQR,The ping to international servers is 628ms — far worse than usual.,Network,Low,0.2965
TKT-001211,5921-NGYRH,Why does my bill show an extra data overage charge of $358 this cycle?,Billing,Low,0.3653
TKT-001212,5802-ADBRC,I've been experiencing slow internet speeds in West Erin for the past 25 days.,Network,Low,0.4393
TKT-001213,7868-TMWMZ,I received a faulty ONT device. It's not syncing and LED shows red.,Hardware,Low,0.2964
TKT-001214,8631-NBHFZ,I was promised a discount of $110/month but my bill still shows full price.,Billing,High,0.5349
TKT-001215,4458-KVRBJ,My 5G signal is extremely weak even with full bars showing on my handset.,Network,Low,0.2447
TKT-001216,3023-GFLBR,The optical port on my router is damaged and blinking amber.,Hardware,High,0.5827
TKT-001217,7861-UVUFT,Screen on my managed WiFi extender is cracked after delivery. Need replacement.,Hardware,Low,0.2102
TKT-001218,1764-VUUMT,I was promised a discount of $199/month but my bill still shows full price.,Billing,Low,0.2974
TKT-001219,0014-BMAQU,Please help me understand my itemised charges totalling $405.,Billing,Low,0.3368
TKT-001220,7471-MQPOS,I noticed a duplicate charge of $484 on my account dated 27 May 2026.,Billing,Low,0.1231
TKT-001221,5074-FBGHB,Total outage in Kyleton since 14 Apr 2026. When will service be restored?,Network,Low,0.1504
TKT-001222,3908-BLSYF,Packet loss is at 16% causing issues with online gaming and work VPN.,Network,Low,0.2243
TKT-001223,2314-TNDJQ,My connection drops every 21 hours. I've already restarted my router.,Network,High,0.7631
TKT-001224,9558-IHEZX,I noticed a duplicate charge of $155 on my account dated 25 Apr 2026.,Billing,High,0.6262
TKT-001225,2192-OZITF,WiFi keeps disconnecting on all 6 devices. ISP modem lights look normal.,Network,Low,0.2102
TKT-001226,5570-PTWEH,Packet loss is at 40% causing issues with online gaming and work VPN.,Network,Low,0.4616
TKT-001227,9102-OXKFY,The ping to international servers is 271ms — far worse than usual.,Network,Low,0.3145
TKT-001228,7572-KPVKK,Packet loss is at 42% causing issues with online gaming and work VPN.,Network,High,0.6166
TKT-001229,4559-UWIHT,Video calls keep freezing. Upload speed is only 4 Mbps on a 62 plan.,Network,High,0.7774
TKT-001230,8705-WZCYL,My set-top box (model XG-2191) reboots randomly every 41 hours.,Hardware,Low,0.1208
TKT-001231,7673-BQGKU,My connection drops every 21 hours. I've already restarted my router.,Network,Low,0.2253
TKT-001232,8582-KRHPJ,Total outage in Brianfurt since 28 Apr 2026. When will service be restored?,Network,Low,0.355
TKT-001233,2931-SVLTV,The ping to international servers is 611ms — far worse than usual.,Network,Low,0.2184
TKT-001234,0859-YGKFW,My SIM card appears to be defective — ICCID shows error on two different handsets.,Hardware,Low,0.3378
TKT-001235,1697-BCSHV,Packet loss is at 16% causing issues with online gaming and work VPN.,Network,Low,0.2249
TKT-001236,4581-LNWUM,My auto-payment failed. Please confirm the status for $320 due on 01 Sep 2026.,Billing,High,0.4347
TKT-001237,8627-ZYGSZ,I noticed a duplicate charge of $276 on my account dated 23 Aug 2026.,Billing,Low,0.1724
TKT-001238,2592-SEIFQ,Video calls keep freezing. Upload speed is only 3 Mbps on a 150 plan.,Network,High,0.598
TKT-001239,9602-WCXPI,Why does my bill show an extra data overage charge of $143 this cycle?,Billing,Low,0.1616
TKT-001240,4531-AUZNK,I never received my invoice for July. Please resend to georgeharmon@example.net.,Billing,High,0.4471
TKT-001241,8205-VSLRB,My bill for September seems incorrect. I was charged $291 but my plan is $76.,Billing,High,0.7011
TKT-001242,8763-KIAFH,Total outage in New Pedroshire since 11 Jun 2026. When will service be restored?,Network,Low,0.2621
TKT-001243,8748-HFWBO,My auto-payment failed. Please confirm the status for $389 due on 14 Jan 2026.,Billing,Low,0.2263
TKT-001244,8808-ELEHO,Video calls keep freezing. Upload speed is only 12 Mbps on a 72 plan.,Network,High,0.4693
TKT-001245,4277-PVRAN,I want to dispute a late fee of $223 that appeared on my latest bill.,Billing,High,0.5251
TKT-001246,8992-VONJD,The battery backup on my router depletes in 23 minutes — it used to last hours.,Hardware,High,0.4927
TKT-001247,8623-TMRBY,My bill for March seems incorrect. I was charged $105 but my plan is $176.,Billing,High,0.6137
TKT-001248,0004-TLHLJ,My SIM card appears to be defective — ICCID shows error on two different handsets.,Hardware,Low,0.1719
TKT-001249,7115-IRDHS,My set-top box (model XG-3838) reboots randomly every 24 hours.,Hardware,High,0.7109
TKT-001250,1657-DYMBM,WiFi keeps disconnecting on all 7 devices. ISP modem lights look normal.,Network,High,0.7754
TKT-001251,8035-PWSEV,Packet loss is at 45% causing issues with online gaming and work VPN.,Network,High,0.4849
TKT-001252,1095-WGNGG,My 5G signal is extremely weak even with full bars showing on my handset.,Network,High,0.4876
TKT-001253,0541-FITGH,Video calls keep freezing. Upload speed is only 19 Mbps on a 83 plan.,Network,High,0.4904
TKT-001254,6383-ZTSIW,Packet loss is at 35% causing issues with online gaming and work VPN.,Network,Low,0.3668
TKT-001255,9003-CPATH,My modem (XG-2522) isn't detected by the technician's mobile app.,Hardware,Low,0.1427
TKT-001256,5232-NXPAY,The ping to international servers is 312ms — far worse than usual.,Network,Low,0.4483
TKT-001257,4742-TXUEX,Screen on my managed WiFi extender is cracked after delivery. Need replacement.,Hardware,Low,0.364
TKT-001258,7786-WBJYI,My connection drops every 8 hours. I've already restarted my router.,Network,High,0.7369
TKT-001259,3754-DXMRT,Please help me understand my itemised charges totalling $487.,Billing,Low,0.2841
TKT-001260,6303-KFWSL,I've been experiencing slow internet speeds in West Tinachester for the past 15 days.,Network,Low,0.4988
TKT-001261,7503-MIOGA,I want to dispute a late fee of $21 that appeared on my latest bill.,Billing,High,0.4155
TKT-001262,4432-ADRLB,I want to dispute a late fee of $202 that appeared on my latest bill.,Billing,Low,0.2404
TKT-001263,3063-QFSZL,My bill for October seems incorrect. I was charged $422 but my plan is $84.,Billing,Low,0.2134
TKT-001264,3807-XHCJH,My modem (XG-6351) isn't detected by the technician's mobile app.,Hardware,High,0.732
TKT-001265,2834-SPCJV,I want to dispute a late fee of $400 that appeared on my latest bill.,Billing,High,0.6019
TKT-001266,9430-NKQLY,My connection drops every 31 hours. I've already restarted my router.,Network,High,0.7322
TKT-001267,8779-YIQQA,I've been experiencing slow internet speeds in Carriebury for the past 14 days.,Network,Low,0.2096
TKT-001268,7998-ZLXWN,I noticed a duplicate charge of $185 on my account dated 20 Feb 2026.,Billing,High,0.7425
TKT-001269,6217-KDYWC,Why does my bill show an extra data overage charge of $474 this cycle?,Billing,High,0.5745
TKT-001270,5707-ORNDZ,Packet loss is at 21% causing issues with online gaming and work VPN.,Network,High,0.6228
TKT-001271,1624-NALOJ,I've been experiencing slow internet speeds in West Judy for the past 18 days.,Network,Low,0.4898
TKT-001272,6338-AVWCY,The ping to international servers is 192ms — far worse than usual.,Network,Low,0.2833
TKT-001273,4654-DLAMQ,My bill for October seems incorrect. I was charged $274 but my plan is $54.,Billing,Low,0.2391
TKT-001274,3763-GCZHZ,My bill for January seems incorrect. I was charged $247 but my plan is $51.,Billing,Low,0.3047
TKT-001275,3370-HXOPH,My auto-payment failed. Please confirm the status for $180 due on 13 Mar 2026.,Billing,High,0.4448
TKT-001276,3318-OSATS,Video calls keep freezing. Upload speed is only 19 Mbps on a 80 plan.,Network,High,0.5624
TKT-001277,0301-FIDRB,Please help me understand my itemised charges totalling $228.,Billing,Low,0.1676
TKT-001278,8048-DSDFQ,Total outage in East Rebecca since 14 Jun 2026. When will service be restored?,Network,High,0.4861
TKT-001279,0988-AADSA,My connection drops every 9 hours. I've already restarted my router.,Network,Low,0.4532
TKT-001280,0975-VOOVL,My connection drops every 38 hours. I've already restarted my router.,Network,Low,0.3563
TKT-001281,6538-POCHL,Please help me understand my itemised charges totalling $73.,Billing,Low,0.2255
TKT-001282,6537-OTKMY,I want to dispute a late fee of $303 that appeared on my latest bill.,Billing,High,0.543
TKT-001283,4826-TZEVA,I've been experiencing slow internet speeds in Mistyberg for the past 10 days.,Network,Low,0.301
TKT-001284,1213-NGCUN,I noticed a duplicate charge of $111 on my account dated 02 Sep 2026.,Billing,High,0.6216
TKT-001285,7168-HDQHG,My connection drops every 19 hours. I've already restarted my router.,Network,Low,0.4744
TKT-001286,9074-KGVOX,Packet loss is at 47% causing issues with online gaming and work VPN.,Network,Low,0.4765
TKT-001287,6457-USBER,My set-top box (model XG-1835) reboots randomly every 28 hours.,Hardware,Low,0.237
TKT-001288,2061-VVFST,I received a faulty ONT device. It's not syncing and LED shows red.,Hardware,High,0.5152
TKT-001289,8969-PRHFK,I noticed a duplicate charge of $130 on my account dated 20 May 2026.,Billing,Low,0.2579
TKT-001290,1536-HBSWP,WiFi keeps disconnecting on all 10 devices. ISP modem lights look normal.,Network,High,0.6488
TKT-001291,7112-OPOTK,I want to dispute a late fee of $165 that appeared on my latest bill.,Billing,Low,0.2616
TKT-001292,8024-XNAFQ,Please help me understand my itemised charges totalling $269.,Billing,High,0.6306
TKT-001293,0428-AXXLJ,My SIM card appears to be defective — ICCID shows error on two different handsets.,Hardware,Low,0.294
TKT-001294,8224-IVVPA,My connection drops every 32 hours. I've already restarted my router.,Network,High,0.5623
TKT-001295,6859-RKMZJ,I was promised a discount of $306/month but my bill still shows full price.,Billing,Low,0.221
TKT-001296,8819-IMISP,My connection drops every 8 hours. I've already restarted my router.,Network,High,0.5825
TKT-001297,5499-ECUTN,My modem (XG-3977) isn't detected by the technician's mobile app.,Hardware,Low,0.1331
TKT-001298,6563-VRERX,I was promised a discount of $369/month but my bill still shows full price.,Billing,Low,0.1581
TKT-001299,1347-KTTTA,I want to dispute a late fee of $241 that appeared on my latest bill.,Billing,Low,0.3531
TKT-001300,9127-FHJBZ,Video calls keep freezing. Upload speed is only 14 Mbps on a 121 plan.,Network,High,0.5862
TKT-001301,4007-NHVHI,My modem (XG-8141) isn't detected by the technician's mobile app.,Hardware,Low,0.1751
TKT-001302,3717-FDJFU,WiFi keeps disconnecting on all 2 devices. ISP modem lights look normal.,Network,Low,0.3469
TKT-001303,6516-NKQBO,My modem (XG-4351) isn't detected by the technician's mobile app.,Hardware,Low,0.3644
TKT-001304,2123-AGEEN,Total outage in Shirleyville since 05 May 2026. When will service be restored?,Network,Low,0.2401
TKT-001305,1866-DIOQZ,My connection drops every 45 hours. I've already restarted my router.,Network,High,0.7394
TKT-001306,0248-IPDFW,My connection drops every 21 hours. I've already restarted my router.,Network,Low,0.4746
TKT-001307,1336-EZFZY,My connection drops every 48 hours. I've already restarted my router.,Network,Low,0.3591
TKT-001308,7975-JMZNT,I've been experiencing slow internet speeds in Lake Joshua for the past 30 days.,Network,High,0.6841
TKT-001309,1140-UKVZG,Please help me understand my itemised charges totalling $148.,Billing,High,0.4184
TKT-001310,2626-VEEWG,I was promised a discount of $325/month but my bill still shows full price.,Billing,Low,0.4309
TKT-001311,1432-FPAXX,I want to dispute a late fee of $362 that appeared on my latest bill.,Billing,Low,0.2374
TKT-001312,9397-TZSHA,I never received my invoice for October. Please resend to schmittlinda@example.net.,Billing,Low,0.4234
TKT-001313,8404-VLQFB,Screen on my managed WiFi extender is cracked after delivery. Need replacement.,Hardware,Low,0.3026
TKT-001314,4946-EDSEW,Video calls keep freezing. Upload speed is only 11 Mbps on a 161 plan.,Network,Low,0.1516
TKT-001315,0979-PHULV,My bill for December seems incorrect. I was charged $314 but my plan is $197.,Billing,Low,0.1135
TKT-001316,8835-VSDSE,I was promised a discount of $202/month but my bill still shows full price.,Billing,High,0.6381
TKT-001317,9462-MJUAW,I was promised a discount of $144/month but my bill still shows full price.,Billing,Low,0.2969
TKT-001318,9227-UAQFT,My SIM card appears to be defective — ICCID shows error on two different handsets.,Hardware,High,0.4093
TKT-001319,3605-JISKB,Why does my bill show an extra data overage charge of $142 this cycle?,Billing,Low,0.3602
TKT-001320,2937-FTHUR,My connection drops every 39 hours. I've already restarted my router.,Network,High,0.7483
TKT-001321,4682-BLBUC,I received a faulty ONT device. It's not syncing and LED shows red.,Hardware,Low,0.2737
TKT-001322,5515-IDEJJ,My SIM card appears to be defective — ICCID shows error on two different handsets.,Hardware,Low,0.263
TKT-001323,7245-NIIWQ,I noticed a duplicate charge of $57 on my account dated 04 Jun 2026.,Billing,Low,0.1019
TKT-001324,8417-FMLZI,My bill for February seems incorrect. I was charged $65 but my plan is $151.,Billing,Low,0.3753
TKT-001325,5357-TZHPP,Packet loss is at 13% causing issues with online gaming and work VPN.,Network,High,0.5658
TKT-001326,9257-AZMTZ,I noticed a duplicate charge of $85 on my account dated 03 Aug 2026.,Billing,Low,0.4076
TKT-001327,4647-MUZON,Why does my bill show an extra data overage charge of $126 this cycle?,Billing,Low,0.2306
TKT-001328,2509-TFPJU,I never received my invoice for December. Please resend to fischeralisha@example.net.,Billing,Low,0.2978
TKT-001329,5804-HYIEZ,The battery backup on my router depletes in 19 minutes — it used to last hours.,Hardware,Low,0.1946
TKT-001330,6599-GZWCM,Video calls keep freezing. Upload speed is only 4 Mbps on a 80 plan.,Network,Low,0.2062
TKT-001331,5227-JSCFE,My SIM card appears to be defective — ICCID shows error on two different handsets.,Hardware,Low,0.3712
TKT-001332,2242-MFOTG,I never received my invoice for November. Please resend to joshua31@example.com.,Billing,High,0.5738
TKT-001333,2194-IIQOF,I've been experiencing slow internet speeds in South Andre for the past 2 days.,Network,Low,0.3378
TKT-001334,3511-BFTJW,Total outage in South Kelliemouth since 02 Jun 2026. When will service be restored?,Network,High,0.7879
TKT-001335,7883-ROJOC,Total outage in North Annborough since 05 Jul 2026. When will service be restored?,Network,Low,0.4873
TKT-001336,3981-QSVQI,I noticed a duplicate charge of $441 on my account dated 19 Aug 2026.,Billing,Low,0.3995
TKT-001337,5886-VLQVU,Total outage in Savageview since 09 Jun 2026. When will service be restored?,Network,High,0.5157
TKT-001338,5360-LJCNJ,I noticed a duplicate charge of $17 on my account dated 23 Mar 2026.,Billing,Low,0.308
TKT-001339,4632-XJMEX,My 5G signal is extremely weak even with full bars showing on my handset.,Network,Low,0.4574
TKT-001340,9681-KYGYB,I've been experiencing slow internet speeds in South Tylerhaven for the past 16 days.,Network,Low,0.2811
TKT-001341,1084-UQCHV,The ping to international servers is 490ms — far worse than usual.,Network,Low,0.1854
TKT-001342,9158-VCTQB,My auto-payment failed. Please confirm the status for $313 due on 06 May 2026.,Billing,Low,0.3838
TKT-001343,7932-WPTDS,My SIM card appears to be defective — ICCID shows error on two different handsets.,Hardware,High,0.5686
TKT-001344,6681-ZSEXG,Total outage in North Larryborough since 04 Jul 2026. When will service be restored?,Network,Low,0.3475
TKT-001345,6705-LXORM,Screen on my managed WiFi extender is cracked after delivery. Need replacement.,Hardware,Low,0.4438
TKT-001346,3234-VKACU,My bill for November seems incorrect. I was charged $290 but my plan is $51.,Billing,High,0.6125
TKT-001347,3247-MHJKM,One of the ethernet ports on the router stopped working after a power cut.,Hardware,Low,0.2487
TKT-001348,0480-KYJVA,I received a faulty ONT device. It's not syncing and LED shows red.,Hardware,Low,0.2295
TKT-001349,4250-ZBWLV,I've been experiencing slow internet speeds in North Sarah for the past 30 days.,Network,High,0.5962
TKT-001350,4295-YURET,My bill for November seems incorrect. I was charged $472 but my plan is $41.,Billing,High,0.4414
TKT-001351,4013-UBXWQ,Why does my bill show an extra data overage charge of $163 this cycle?,Billing,Low,0.3782
TKT-001352,6772-KSATR,My 5G signal is extremely weak even with full bars showing on my handset.,Network,High,0.7432
TKT-001353,6178-KFNHS,My modem (XG-3610) isn't detected by the technician's mobile app.,Hardware,Low,0.1995
TKT-001354,9351-HXDMR,My set-top box (model XG-8741) reboots randomly every 28 hours.,Hardware,Low,0.2063
TKT-001355,7173-TETGO,My SIM card appears to be defective — ICCID shows error on two different handsets.,Hardware,High,0.706
TKT-001356,6457-GIRWB,I noticed a duplicate charge of $301 on my account dated 03 Jan 2026.,Billing,High,0.4084
TKT-001357,5832-TRLPB,I was promised a discount of $461/month but my bill still shows full price.,Billing,Low,0.2822
TKT-001358,1626-ERCMM,I've been experiencing slow internet speeds in Thompsonside for the past 12 days.,Network,Low,0.3123
TKT-001359,9631-XEYKE,My SIM card appears to be defective — ICCID shows error on two different handsets.,Hardware,High,0.6415
TKT-001360,6161-UUUTA,Video calls keep freezing. Upload speed is only 19 Mbps on a 53 plan.,Network,Low,0.2072
TKT-001361,5334-JLAXU,Please help me understand my itemised charges totalling $181.,Billing,High,0.6339
TKT-001362,9003-CPATH,The battery backup on my router depletes in 23 minutes — it used to last hours.,Hardware,Low,0.2319
TKT-001363,0135-NMXAP,I received a faulty ONT device. It's not syncing and LED shows red.,Hardware,Low,0.3166
TKT-001364,6645-MXQJT,I was promised a discount of $150/month but my bill still shows full price.,Billing,Low,0.114
TKT-001365,2211-RMNHO,Packet loss is at 36% causing issues with online gaming and work VPN.,Network,High,0.6116
TKT-001366,2014-MKGMH,Please help me understand my itemised charges totalling $133.,Billing,Low,0.2828
TKT-001367,4612-SSVHJ,The battery backup on my router depletes in 10 minutes — it used to last hours.,Hardware,High,0.475
TKT-001368,7619-PLRLP,Please help me understand my itemised charges totalling $463.,Billing,Low,0.1489
TKT-001369,9795-NREXC,Packet loss is at 17% causing issues with online gaming and work VPN.,Network,Low,0.216
TKT-001370,1703-MGIAB,The battery backup on my router depletes in 30 minutes — it used to last hours.,Hardware,Low,0.2204
TKT-001371,5130-IEKQT,Why does my bill show an extra data overage charge of $367 this cycle?,Billing,High,0.4339
TKT-001372,6008-NAIXK,Total outage in Anneshire since 13 Sep 2026. When will service be restored?,Network,High,0.7816
TKT-001373,4952-YSOGZ,I never received my invoice for April. Please resend to sotomisty@example.org.,Billing,High,0.5417
TKT-001374,0259-GBZSH,I never received my invoice for November. Please resend to lopezmichael@example.org.,Billing,Low,0.3831
TKT-001375,2079-FBMZK,Why does my bill show an extra data overage charge of $234 this cycle?,Billing,High,0.741
TKT-001376,0988-JRWWP,The ping to international servers is 324ms — far worse than usual.,Network,Low,0.1783
TKT-001377,6265-SXWBU,I want to dispute a late fee of $100 that appeared on my latest bill.,Billing,Low,0.3281
TKT-001378,0484-JPBRU,The battery backup on my router depletes in 24 minutes — it used to last hours.,Hardware,Low,0.405
TKT-001379,6857-VWJDT,Why does my bill show an extra data overage charge of $50 this cycle?,Billing,Low,0.322
TKT-001380,7435-ZNUYY,Why does my bill show an extra data overage charge of $64 this cycle?,Billing,Low,0.2502
TKT-001381,7975-TZMLR,My SIM card appears to be defective — ICCID shows error on two different handsets.,Hardware,High,0.5509
TKT-001382,0612-RTZZA,Screen on my managed WiFi extender is cracked after delivery. Need replacement.,Hardware,Low,0.1126
TKT-001383,1580-BMCMR,My connection drops every 6 hours. I've already restarted my router.,Network,Low,0.3371
TKT-001384,6198-ZFIOJ,The ping to international servers is 319ms — far worse than usual.,Network,High,0.7977
TKT-001385,6542-LWGXJ,I want to dispute a late fee of $235 that appeared on my latest bill.,Billing,High,0.7355
TKT-001386,0885-HMGPY,Please help me understand my itemised charges totalling $370.,Billing,Low,0.1141
TKT-001387,5730-RIITO,The battery backup on my router depletes in 24 minutes — it used to last hours.,Hardware,Low,0.347
TKT-001388,5605-XNWEN,My 5G signal is extremely weak even with full bars showing on my handset.,Network,Low,0.2556
TKT-001389,9470-XCCEM,I was promised a discount of $33/month but my bill still shows full price.,Billing,High,0.716
TKT-001390,7706-DZNKK,Total outage in Greenville since 11 Sep 2026. When will service be restored?,Network,Low,0.1658
TKT-001391,6821-BUXUX,Packet loss is at 7% causing issues with online gaming and work VPN.,Network,High,0.7776
TKT-001392,6728-DKUCO,My bill for March seems incorrect. I was charged $213 but my plan is $176.,Billing,Low,0.3931
TKT-001393,5229-DTFYB,My auto-payment failed. Please confirm the status for $255 due on 19 Jan 2026.,Billing,Low,0.1411
TKT-001394,6408-WHTEF,Why does my bill show an extra data overage charge of $451 this cycle?,Billing,Low,0.1209
TKT-001395,5122-CYFXA,My modem (XG-6129) isn't detected by the technician's mobile app.,Hardware,Low,0.3921
TKT-001396,8149-RSOUN,Video calls keep freezing. Upload speed is only 9 Mbps on a 57 plan.,Network,Low,0.2045
TKT-001397,9633-XQABV,Video calls keep freezing. Upload speed is only 4 Mbps on a 86 plan.,Network,Low,0.3372
TKT-001398,2133-TSRRM,I've been experiencing slow internet speeds in Huntland for the past 1 days.,Network,Low,0.4705
TKT-001399,2223-KAGMX,I noticed a duplicate charge of $55 on my account dated 05 Sep 2026.,Billing,Low,0.2986
TKT-001400,2645-QTLMB,Why does my bill show an extra data overage charge of $396 this cycle?,Billing,High,0.539
TKT-001401,2959-FENLU,I was promised a discount of $169/month but my bill still shows full price.,Billing,Low,0.2558
TKT-001402,7096-UCLNH,Why does my bill show an extra data overage charge of $191 this cycle?,Billing,Low,0.1221
TKT-001403,0811-GSDTP,My connection drops every 11 hours. I've already restarted my router.,Network,Low,0.4891
TKT-001404,4817-QRJSX,Video calls keep freezing. Upload speed is only 6 Mbps on a 195 plan.,Network,Low,0.2587
TKT-001405,8143-ETQTI,I've been experiencing slow internet speeds in Luismouth for the past 19 days.,Network,High,0.5163
TKT-001406,1550-LOAHA,Why does my bill show an extra data overage charge of $291 this cycle?,Billing,Low,0.2001
TKT-001407,6469-QJKZW,The optical port on my router is damaged and blinking orange.,Hardware,Low,0.4375
TKT-001408,4801-JZAZL,Total outage in New Brenda since 29 Apr 2026. When will service be restored?,Network,High,0.483
TKT-001409,4635-EJYPD,I want to dispute a late fee of $453 that appeared on my latest bill.,Billing,High,0.7036
TKT-001410,2952-QAYZF,Total outage in South Jefferyville since 26 May 2026. When will service be restored?,Network,High,0.6977
TKT-001411,3571-RFHAR,I want to dispute a late fee of $259 that appeared on my latest bill.,Billing,High,0.6905
TKT-001412,4973-MGTON,My auto-payment failed. Please confirm the status for $368 due on 26 Mar 2026.,Billing,Low,0.4416
TKT-001413,5602-BVFMK,Video calls keep freezing. Upload speed is only 15 Mbps on a 63 plan.,Network,Low,0.4448
TKT-001414,9693-XMUOB,Total outage in Douglasville since 10 Mar 2026. When will service be restored?,Network,Low,0.4802
TKT-001415,3638-WEABW,My bill for February seems incorrect. I was charged $186 but my plan is $182.,Billing,High,0.4444
TKT-001416,6959-GQEGV,Video calls keep freezing. Upload speed is only 6 Mbps on a 48 plan.,Network,Low,0.4285
TKT-001417,0516-WJVXC,I've been experiencing slow internet speeds in Arnoldborough for the past 19 days.,Network,Low,0.341
TKT-001418,4825-FUREZ,I want to dispute a late fee of $44 that appeared on my latest bill.,Billing,Low,0.2902
TKT-001419,0618-XWMSS,My set-top box (model XG-8544) reboots randomly every 26 hours.,Hardware,High,0.7146
TKT-001420,4623-ZKHLY,I was promised a discount of $486/month but my bill still shows full price.,Billing,Low,0.4401
TKT-001421,5067-WJEUN,My 5G signal is extremely weak even with full bars showing on my handset.,Network,Low,0.3967
TKT-001422,6743-HHQPF,The ping to international servers is 271ms — far worse than usual.,Network,Low,0.319
TKT-001423,1345-ZUKID,I received a faulty ONT device. It's not syncing and LED shows red.,Hardware,Low,0.2597
TKT-001424,0877-SDMBN,Packet loss is at 37% causing issues with online gaming and work VPN.,Network,Low,0.2852
TKT-001425,2302-ANTDP,I noticed a duplicate charge of $388 on my account dated 25 Feb 2026.,Billing,Low,0.2266
TKT-001426,6305-YLBMM,The ping to international servers is 237ms — far worse than usual.,Network,High,0.587
TKT-001427,6726-NNFWD,I've been experiencing slow internet speeds in Anthonystad for the past 8 days.,Network,Low,0.1814
TKT-001428,7048-GXDAY,The battery backup on my router depletes in 17 minutes — it used to last hours.,Hardware,High,0.4271
TKT-001429,1121-QSIVB,I want to dispute a late fee of $265 that appeared on my latest bill.,Billing,Low,0.373
TKT-001430,6357-JJPQT,Why does my bill show an extra data overage charge of $298 this cycle?,Billing,High,0.5561
TKT-001431,8932-CZHRQ,My 5G signal is extremely weak even with full bars showing on my handset.,Network,Low,0.4757
TKT-001432,8065-QBYTO,I want to dispute a late fee of $270 that appeared on my latest bill.,Billing,High,0.6143
TKT-001433,2739-CCZMB,The ping to international servers is 564ms — far worse than usual.,Network,High,0.4623
TKT-001434,0943-ZQPXH,My connection drops every 8 hours. I've already restarted my router.,Network,Low,0.2051
TKT-001435,8100-HZZLJ,Video calls keep freezing. Upload speed is only 10 Mbps on a 136 plan.,Network,Low,0.222
TKT-001436,1474-JUWSM,Total outage in East Jonathan since 28 Jul 2026. When will service be restored?,Network,Low,0.4915
TKT-001437,4291-HPAXL,I never received my invoice for April. Please resend to jeremylove@example.org.,Billing,Low,0.1765
TKT-001438,7279-NMVJC,Why does my bill show an extra data overage charge of $427 this cycle?,Billing,High,0.5805
TKT-001439,6705-LNMDD,WiFi keeps disconnecting on all 2 devices. ISP modem lights look normal.,Network,Low,0.4777
TKT-001440,3001-CBHLQ,I received a faulty ONT device. It's not syncing and LED shows red.,Hardware,High,0.742
TKT-001441,6032-KRXXO,Please help me understand my itemised charges totalling $11.,Billing,Low,0.1827
TKT-001442,8544-GOQSH,Packet loss is at 7% causing issues with online gaming and work VPN.,Network,Low,0.1672
TKT-001443,9185-TQCVP,Video calls keep freezing. Upload speed is only 15 Mbps on a 109 plan.,Network,High,0.5038
TKT-001444,1323-OOEPC,Total outage in West Patriciahaven since 17 Apr 2026. When will service be restored?,Network,Low,0.1722
TKT-001445,2439-LYPMQ,My connection drops every 23 hours. I've already restarted my router.,Network,Low,0.2183
TKT-001446,6496-JDSSB,I received a faulty ONT device. It's not syncing and LED shows red.,Hardware,High,0.599
TKT-001447,9436-ZBZCT,My auto-payment failed. Please confirm the status for $85 due on 25 Jul 2026.,Billing,High,0.7194
TKT-001448,9046-DQMTP,I've been experiencing slow internet speeds in West Sue for the past 28 days.,Network,Low,0.338
TKT-001449,4312-KFRXN,Packet loss is at 40% causing issues with online gaming and work VPN.,Network,High,0.6691
TKT-001450,8008-HAWED,Please help me understand my itemised charges totalling $413.,Billing,Low,0.1707
TKT-001451,7147-AYBAA,I never received my invoice for November. Please resend to gillrichard@example.com.,Billing,High,0.6802
TKT-001452,3677-TNKIO,I was promised a discount of $482/month but my bill still shows full price.,Billing,Low,0.3162
TKT-001453,5232-NXPAY,My auto-payment failed. Please confirm the status for $120 due on 05 May 2026.,Billing,High,0.7024
TKT-001454,7299-GNVPL,I received a faulty ONT device. It's not syncing and LED shows red.,Hardware,Low,0.4321
TKT-001455,7558-IMLMT,Packet loss is at 20% causing issues with online gaming and work VPN.,Network,Low,0.2718
TKT-001456,7567-ECMCM,My set-top box (model XG-8955) reboots randomly every 32 hours.,Hardware,Low,0.1317
TKT-001457,4524-QCSSM,My 5G signal is extremely weak even with full bars showing on my handset.,Network,High,0.5291
TKT-001458,7284-BUYEC,My bill for February seems incorrect. I was charged $270 but my plan is $103.,Billing,High,0.5532
TKT-001459,2080-GKCWQ,My 5G signal is extremely weak even with full bars showing on my handset.,Network,Low,0.481
TKT-001460,2075-PUEPR,Why does my bill show an extra data overage charge of $54 this cycle?,Billing,Low,0.2324
TKT-001461,6217-KDYWC,I noticed a duplicate charge of $305 on my account dated 23 Aug 2026.,Billing,Low,0.3698
TKT-001462,7881-EVUAD,I've been experiencing slow internet speeds in Forbeshaven for the past 26 days.,Network,Low,0.3392
TKT-001463,1423-BMPBQ,My SIM card appears to be defective — ICCID shows error on two different handsets.,Hardware,High,0.464
TKT-001464,2868-MZAGQ,I was promised a discount of $473/month but my bill still shows full price.,Billing,High,0.5123
TKT-001465,2114-MGINA,Please help me understand my itemised charges totalling $120.,Billing,High,0.6286
TKT-001466,1172-VIYBP,I was promised a discount of $355/month but my bill still shows full price.,Billing,Low,0.3355
TKT-001467,8183-ONMXC,My modem (XG-7262) isn't detected by the technician's mobile app.,Hardware,High,0.5522
TKT-001468,5522-NYKPB,I've been experiencing slow internet speeds in East Kyle for the past 22 days.,Network,Low,0.23
TKT-001469,6862-CQUMB,I received a faulty ONT device. It's not syncing and LED shows red.,Hardware,Low,0.3527
TKT-001470,2615-YVMYX,Please help me understand my itemised charges totalling $419.,Billing,Low,0.1591
TKT-001471,8670-ERCJH,Screen on my managed WiFi extender is cracked after delivery. Need replacement.,Hardware,Low,0.4278
TKT-001472,2603-HVKCG,Packet loss is at 6% causing issues with online gaming and work VPN.,Network,Low,0.2158
TKT-001473,2085-BOJKI,WiFi keeps disconnecting on all 8 devices. ISP modem lights look normal.,Network,High,0.4876
TKT-001474,5644-PDMZC,The optical port on my router is damaged and blinking red.,Hardware,High,0.5742
TKT-001475,7606-BPHHN,Packet loss is at 28% causing issues with online gaming and work VPN.,Network,High,0.6318
TKT-001476,8614-VGMMV,Screen on my managed WiFi extender is cracked after delivery. Need replacement.,Hardware,Low,0.2779
TKT-001477,3085-QUOZK,Packet loss is at 47% causing issues with online gaming and work VPN.,Network,Low,0.3028
TKT-001478,2014-MKGMH,I want to dispute a late fee of $391 that appeared on my latest bill.,Billing,High,0.7482
TKT-001479,8510-BBWMU,Total outage in West Natasha since 03 Mar 2026. When will service be restored?,Network,High,0.6202
TKT-001480,5197-YPYBZ,Screen on my managed WiFi extender is cracked after delivery. Need replacement.,Hardware,Low,0.2673
TKT-001481,2190-PHBHR,The ping to international servers is 785ms — far worse than usual.,Network,Low,0.2976
TKT-001482,4178-EGMON,My auto-payment failed. Please confirm the status for $90 due on 29 Jul 2026.,Billing,High,0.4234
TKT-001483,4572-DVCGN,Please help me understand my itemised charges totalling $177.,Billing,Low,0.3075
TKT-001484,1548-FEHVL,Video calls keep freezing. Upload speed is only 1 Mbps on a 62 plan.,Network,High,0.5298
TKT-001485,8606-CIQUL,I never received my invoice for November. Please resend to woodskaitlyn@example.net.,Billing,Low,0.3232
TKT-001486,6115-ZTBFQ,Total outage in Campbellville since 25 Feb 2026. When will service be restored?,Network,Low,0.1678
TKT-001487,1429-UYJSV,WiFi keeps disconnecting on all 3 devices. ISP modem lights look normal.,Network,High,0.7935
TKT-001488,2607-FBDFF,My 5G signal is extremely weak even with full bars showing on my handset.,Network,Low,0.3142
TKT-001489,0103-CSITQ,Why does my bill show an extra data overage charge of $34 this cycle?,Billing,High,0.7139
TKT-001490,7285-KLOTR,Please help me understand my itemised charges totalling $159.,Billing,Low,0.2664
TKT-001491,7346-MEDWM,Screen on my managed WiFi extender is cracked after delivery. Need replacement.,Hardware,High,0.4211
TKT-001492,7080-TNUWP,My bill for September seems incorrect. I was charged $88 but my plan is $197.,Billing,Low,0.3878
TKT-001493,4115-BNPJY,One of the ethernet ports on the router stopped working after a power cut.,Hardware,Low,0.3269
TKT-001494,8292-TYSPY,I want to dispute a late fee of $226 that appeared on my latest bill.,Billing,Low,0.3736
TKT-001495,4187-CINZD,My modem (XG-4531) isn't detected by the technician's mobile app.,Hardware,High,0.5499
TKT-001496,6695-FRVEC,My set-top box (model XG-8008) reboots randomly every 27 hours.,Hardware,High,0.6233
TKT-001497,8591-NXRCV,My bill for October seems incorrect. I was charged $234 but my plan is $139.,Billing,High,0.6997
TKT-001498,8752-GHJFU,My 5G signal is extremely weak even with full bars showing on my handset.,Network,Low,0.3709
TKT-001499,2792-VPPET,My bill for September seems incorrect. I was charged $120 but my plan is $99.,Billing,Low,0.2217
TKT-001500,1678-FYZOW,My set-top box (model XG-1853) reboots randomly every 11 hours.,Hardware,Low,0.3319
TKT-001501,8148-BPLZQ,The ping to international servers is 587ms — far worse than usual.,Network,High,0.6851
TKT-001502,0323-XWWTN,I received a faulty ONT device. It's not syncing and LED shows red.,Hardware,Low,0.4362
TKT-001503,7945-PRBVF,Please help me understand my itemised charges totalling $332.,Billing,Low,0.2298
TKT-001504,4942-VZZOM,Packet loss is at 50% causing issues with online gaming and work VPN.,Network,Low,0.2988
TKT-001505,7519-JTWQH,Total outage in New Juliamouth since 02 Sep 2026. When will service be restored?,Network,Low,0.4342
TKT-001506,3806-YAZOV,Please help me understand my itemised charges totalling $272.,Billing,Low,0.277
TKT-001507,6352-GIGGQ,My bill for June seems incorrect. I was charged $451 but my plan is $154.,Billing,Low,0.3578
TKT-001508,8779-YIQQA,My 5G signal is extremely weak even with full bars showing on my handset.,Network,High,0.6109
TKT-001509,8161-QYMTT,I was promised a discount of $393/month but my bill still shows full price.,Billing,Low,0.1754
TKT-001510,9068-VPWQQ,I never received my invoice for November. Please resend to fsanchez@example.org.,Billing,High,0.6608
TKT-001511,7537-CBQUZ,I've been experiencing slow internet speeds in New Danielville for the past 27 days.,Network,Low,0.1959
TKT-001512,0576-WNXXC,WiFi keeps disconnecting on all 2 devices. ISP modem lights look normal.,Network,Low,0.2195
TKT-001513,1268-ASBGA,The ping to international servers is 420ms — far worse than usual.,Network,Low,0.3694
TKT-001514,6034-YMTOB,I received a faulty ONT device. It's not syncing and LED shows red.,Hardware,High,0.6615
TKT-001515,6184-DYUOB,Please help me understand my itemised charges totalling $481.,Billing,Low,0.4131
TKT-001516,4210-QFJMF,Packet loss is at 6% causing issues with online gaming and work VPN.,Network,Low,0.2454
TKT-001517,0020-INWCK,My connection drops every 27 hours. I've already restarted my router.,Network,Low,0.1888
TKT-001518,5795-BKOYE,The ping to international servers is 518ms — far worse than usual.,Network,Low,0.4846
TKT-001519,9851-QXEEQ,My bill for January seems incorrect. I was charged $230 but my plan is $126.,Billing,Low,0.154
TKT-001520,9225-BZLNZ,My connection drops every 3 hours. I've already restarted my router.,Network,Low,0.2192
TKT-001521,3571-DPYUH,I noticed a duplicate charge of $100 on my account dated 19 Mar 2026.,Billing,Low,0.202
TKT-001522,0515-YPMCW,I never received my invoice for September. Please resend to randy61@example.net.,Billing,Low,0.2853
TKT-001523,6175-IRFIT,My connection drops every 36 hours. I've already restarted my router.,Network,Low,0.459
TKT-001524,6713-OKOMC,I've been experiencing slow internet speeds in South Deborah for the past 6 days.,Network,Low,0.4162
TKT-001525,3814-MLAXC,Why does my bill show an extra data overage charge of $407 this cycle?,Billing,High,0.6479
TKT-001526,7416-CKTEP,My 5G signal is extremely weak even with full bars showing on my handset.,Network,High,0.5113
TKT-001527,1769-GRUIK,My bill for October seems incorrect. I was charged $166 but my plan is $46.,Billing,Low,0.2252
TKT-001528,5917-HBSDW,Please help me understand my itemised charges totalling $490.,Billing,Low,0.2674
TKT-001529,5600-PDUJF,My 5G signal is extremely weak even with full bars showing on my handset.,Network,Low,0.2016
TKT-001530,8914-RBTSB,Screen on my managed WiFi extender is cracked after delivery. Need replacement.,Hardware,Low,0.1957
TKT-001531,3190-ITQXP,I never received my invoice for March. Please resend to bentongeorge@example.net.,Billing,Low,0.2079
TKT-001532,6997-UVGOX,I received a faulty ONT device. It's not syncing and LED shows red.,Hardware,Low,0.1445
TKT-001533,4828-FAZPK,Video calls keep freezing. Upload speed is only 2 Mbps on a 174 plan.,Network,Low,0.3426
TKT-001534,1184-PJVDB,Please help me understand my itemised charges totalling $397.,Billing,High,0.6468
TKT-001535,5044-LRQAQ,My modem (XG-9885) isn't detected by the technician's mobile app.,Hardware,High,0.4245
TKT-001536,5498-TXHLF,WiFi keeps disconnecting on all 3 devices. ISP modem lights look normal.,Network,Low,0.3184
TKT-001537,0187-QSXOE,I received a faulty ONT device. It's not syncing and LED shows red.,Hardware,High,0.6738
TKT-001538,7517-LDMPS,Video calls keep freezing. Upload speed is only 17 Mbps on a 183 plan.,Network,Low,0.4118
TKT-001539,2603-HVKCG,I noticed a duplicate charge of $343 on my account dated 07 Feb 2026.,Billing,Low,0.3853
TKT-001540,2823-LKABH,My 5G signal is extremely weak even with full bars showing on my handset.,Network,High,0.6069
TKT-001541,3312-ZWLGF,The optical port on my router is damaged and blinking red.,Hardware,High,0.6872
TKT-001542,0112-QWPNC,I never received my invoice for June. Please resend to michele23@example.net.,Billing,Low,0.1843
TKT-001543,7481-ATQQS,I was promised a discount of $401/month but my bill still shows full price.,Billing,Low,0.2263
TKT-001544,6133-OZILE,I never received my invoice for September. Please resend to howellsavannah@example.org.,Billing,High,0.4617
TKT-001545,4081-DYXAV,I've been experiencing slow internet speeds in Leeberg for the past 21 days.,Network,Low,0.3136
TKT-001546,9540-JYROE,Screen on my managed WiFi extender is cracked after delivery. Need replacement.,Hardware,Low,0.2372
TKT-001547,7409-KIUTL,One of the ethernet ports on the router stopped working after a power cut.,Hardware,Low,0.1843
TKT-001548,0607-MVMGC,My 5G signal is extremely weak even with full bars showing on my handset.,Network,High,0.7131
TKT-001549,5197-PYEPU,My set-top box (model XG-7463) reboots randomly every 1 hours.,Hardware,High,0.5098
TKT-001550,6960-HVYXR,My connection drops every 26 hours. I've already restarted my router.,Network,Low,0.2455
TKT-001551,6413-XKKPU,I've been experiencing slow internet speeds in Gayport for the past 6 days.,Network,Low,0.1958
TKT-001552,1866-DIOQZ,Total outage in Patriciashire since 23 Sep 2026. When will service be restored?,Network,Low,0.3036
TKT-001553,4487-ZYJZK,Please help me understand my itemised charges totalling $144.,Billing,High,0.506
TKT-001554,1708-PBBOA,My bill for August seems incorrect. I was charged $118 but my plan is $41.,Billing,Low,0.2292
TKT-001555,4080-OGPJL,Why does my bill show an extra data overage charge of $208 this cycle?,Billing,Low,0.1826
TKT-001556,8914-RBTSB,WiFi keeps disconnecting on all 10 devices. ISP modem lights look normal.,Network,High,0.7171
TKT-001557,6723-WSNTY,My bill for November seems incorrect. I was charged $25 but my plan is $58.,Billing,High,0.7255
TKT-001558,6620-HVDUJ,My 5G signal is extremely weak even with full bars showing on my handset.,Network,Low,0.3243
TKT-001559,1173-XZPYF,Why does my bill show an extra data overage charge of $94 this cycle?,Billing,Low,0.325
TKT-001560,6080-TCMYC,My SIM card appears to be defective — ICCID shows error on two different handsets.,Hardware,High,0.7035
TKT-001561,7279-BUYWN,My 5G signal is extremely weak even with full bars showing on my handset.,Network,High,0.7996
TKT-001562,7727-SHVZV,Packet loss is at 25% causing issues with online gaming and work VPN.,Network,Low,0.3647
TKT-001563,7996-BPXHY,My bill for November seems incorrect. I was charged $260 but my plan is $50.,Billing,High,0.7114
TKT-001564,6614-VBEGU,My bill for July seems incorrect. I was charged $389 but my plan is $93.,Billing,Low,0.418
TKT-001565,0786-IVLAW,My SIM card appears to be defective — ICCID shows error on two different handsets.,Hardware,High,0.677
TKT-001566,2905-KFQUV,Packet loss is at 47% causing issues with online gaming and work VPN.,Network,High,0.6113
TKT-001567,3227-WLKLI,My connection drops every 21 hours. I've already restarted my router.,Network,Low,0.1784
TKT-001568,0197-PNKNK,I've been experiencing slow internet speeds in New Allison for the past 2 days.,Network,Low,0.1555
TKT-001569,7036-TYDEC,My SIM card appears to be defective — ICCID shows error on two different handsets.,Hardware,Low,0.267
TKT-001570,0052-YNYOT,I want to dispute a late fee of $67 that appeared on my latest bill.,Billing,Low,0.273
TKT-001571,6394-MFYNG,My modem (XG-4198) isn't detected by the technician's mobile app.,Hardware,High,0.5426
TKT-001572,7416-CKTEP,The ping to international servers is 633ms — far worse than usual.,Network,High,0.6489
TKT-001573,5816-SCGFC,Video calls keep freezing. Upload speed is only 6 Mbps on a 172 plan.,Network,Low,0.3433
TKT-001574,3174-RKMOW,The ping to international servers is 225ms — far worse than usual.,Network,Low,0.4428
TKT-001575,8444-WRIDW,My auto-payment failed. Please confirm the status for $484 due on 27 Apr 2026.,Billing,High,0.438
TKT-001576,4402-FTBXC,Screen on my managed WiFi extender is cracked after delivery. Need replacement.,Hardware,Low,0.1788
TKT-001577,5056-FIMPT,Video calls keep freezing. Upload speed is only 10 Mbps on a 131 plan.,Network,Low,0.4276
TKT-001578,4274-OWWYO,My 5G signal is extremely weak even with full bars showing on my handset.,Network,High,0.7467
TKT-001579,3340-QBBFM,Why does my bill show an extra data overage charge of $255 this cycle?,Billing,Low,0.4482
TKT-001580,5896-NPFWW,Screen on my managed WiFi extender is cracked after delivery. Need replacement.,Hardware,Low,0.4055
TKT-001581,6734-FQAJX,My 5G signal is extremely weak even with full bars showing on my handset.,Network,Low,0.4615
TKT-001582,2794-XIMMO,The battery backup on my router depletes in 19 minutes — it used to last hours.,Hardware,High,0.51
TKT-001583,1228-ZLNBX,Please help me understand my itemised charges totalling $384.,Billing,Low,0.2406
TKT-001584,7740-KKCXF,Please help me understand my itemised charges totalling $470.,Billing,Low,0.1938
TKT-001585,8098-TDCBU,I want to dispute a late fee of $416 that appeared on my latest bill.,Billing,High,0.6122
TKT-001586,6877-LGWXO,My auto-payment failed. Please confirm the status for $336 due on 12 May 2026.,Billing,High,0.7286
TKT-001587,7065-YUNRY,Please help me understand my itemised charges totalling $437.,Billing,High,0.5206
TKT-001588,1080-BWSYE,I've been experiencing slow internet speeds in Port Benjaminfurt for the past 5 days.,Network,Low,0.345
TKT-001589,8807-OPMBM,Why does my bill show an extra data overage charge of $391 this cycle?,Billing,High,0.5037
TKT-001590,6734-JDTTV,My set-top box (model XG-5073) reboots randomly every 37 hours.,Hardware,High,0.4594
TKT-001591,2523-EWWZL,My SIM card appears to be defective — ICCID shows error on two different handsets.,Hardware,Low,0.1683
TKT-001592,3244-DCJWY,The battery backup on my router depletes in 6 minutes — it used to last hours.,Hardware,Low,0.1203
TKT-001593,1271-UODNO,I want to dispute a late fee of $118 that appeared on my latest bill.,Billing,Low,0.4323
TKT-001594,1336-EZFZY,Video calls keep freezing. Upload speed is only 12 Mbps on a 142 plan.,Network,High,0.591
TKT-001595,5419-KLXBN,I've been experiencing slow internet speeds in East Monicatown for the past 21 days.,Network,High,0.7419
TKT-001596,6088-BXMRG,My auto-payment failed. Please confirm the status for $54 due on 11 Aug 2026.,Billing,Low,0.3385
TKT-001597,4351-QLCSU,I noticed a duplicate charge of $61 on my account dated 26 May 2026.,Billing,High,0.4672
TKT-001598,1357-BIJKI,WiFi keeps disconnecting on all 8 devices. ISP modem lights look normal.,Network,High,0.5114
TKT-001599,8543-MSDMF,My 5G signal is extremely weak even with full bars showing on my handset.,Network,High,0.7342
TKT-001600,6374-AFWOX,Please help me understand my itemised charges totalling $500.,Billing,High,0.4926
TKT-001601,1666-JXLKU,The optical port on my router is damaged and blinking amber.,Hardware,Low,0.4196
TKT-001602,0107-WESLM,Please help me understand my itemised charges totalling $224.,Billing,Low,0.149
TKT-001603,6992-TKNYO,Total outage in Rothfort since 20 Jan 2026. When will service be restored?,Network,Low,0.3872
TKT-001604,4010-YLMVT,I've been experiencing slow internet speeds in South Jacksontown for the past 6 days.,Network,Low,0.4351
TKT-001605,4718-WXBGI,Packet loss is at 34% causing issues with online gaming and work VPN.,Network,Low,0.2323
TKT-001606,2812-REYAT,My set-top box (model XG-5439) reboots randomly every 36 hours.,Hardware,High,0.4967
TKT-001607,5626-MGTUK,I've been experiencing slow internet speeds in Kingstad for the past 7 days.,Network,High,0.7876
TKT-001608,6710-HSJRD,My SIM card appears to be defective — ICCID shows error on two different handsets.,Hardware,High,0.4926
TKT-001609,4323-OHFOW,I want to dispute a late fee of $58 that appeared on my latest bill.,Billing,High,0.5505
TKT-001610,6120-RJKLU,I was promised a discount of $21/month but my bill still shows full price.,Billing,Low,0.2514
TKT-001611,2654-VBVPB,Video calls keep freezing. Upload speed is only 20 Mbps on a 89 plan.,Network,High,0.5386
TKT-001612,5954-BDFSG,My 5G signal is extremely weak even with full bars showing on my handset.,Network,Low,0.4215
TKT-001613,3941-XTSKM,My 5G signal is extremely weak even with full bars showing on my handset.,Network,Low,0.4201
TKT-001614,8089-UZWLX,Video calls keep freezing. Upload speed is only 1 Mbps on a 100 plan.,Network,Low,0.2824
TKT-001615,6227-FBDXH,The ping to international servers is 405ms — far worse than usual.,Network,Low,0.4423
TKT-001616,2626-VEEWG,Total outage in Jeremyfort since 12 May 2026. When will service be restored?,Network,Low,0.2246
TKT-001617,4597-NUCQV,The ping to international servers is 252ms — far worse than usual.,Network,High,0.4515
TKT-001618,5701-GUXDC,Video calls keep freezing. Upload speed is only 2 Mbps on a 68 plan.,Network,Low,0.3499
TKT-001619,3312-UUMZW,I noticed a duplicate charge of $302 on my account dated 03 Mar 2026.,Billing,High,0.7479
TKT-001620,8313-AFGBW,The battery backup on my router depletes in 11 minutes — it used to last hours.,Hardware,High,0.4135
TKT-001621,1360-JYXKQ,WiFi keeps disconnecting on all 3 devices. ISP modem lights look normal.,Network,Low,0.2228
TKT-001622,3588-WSTTJ,Screen on my managed WiFi extender is cracked after delivery. Need replacement.,Hardware,High,0.5816
TKT-001623,9369-XFEHK,I've been experiencing slow internet speeds in South Karenmouth for the past 11 days.,Network,High,0.7335
TKT-001624,0442-ZXKVS,I noticed a duplicate charge of $252 on my account dated 25 Jul 2026.,Billing,Low,0.1312
TKT-001625,0320-DWVTU,I want to dispute a late fee of $448 that appeared on my latest bill.,Billing,Low,0.2383
TKT-001626,8695-WDYEA,My auto-payment failed. Please confirm the status for $476 due on 19 May 2026.,Billing,Low,0.3615
TKT-001627,6661-HBGWL,WiFi keeps disconnecting on all 4 devices. ISP modem lights look normal.,Network,High,0.58
TKT-001628,8234-GSZYK,Packet loss is at 31% causing issues with online gaming and work VPN.,Network,Low,0.2161
TKT-001629,6168-YBYNP,I never received my invoice for February. Please resend to pearsonkathryn@example.org.,Billing,High,0.4684
TKT-001630,0455-XFASS,My connection drops every 8 hours. I've already restarted my router.,Network,Low,0.2935
TKT-001631,3866-MDTUB,I want to dispute a late fee of $385 that appeared on my latest bill.,Billing,Low,0.2678
TKT-001632,8566-YPRGL,Video calls keep freezing. Upload speed is only 1 Mbps on a 148 plan.,Network,Low,0.4516
TKT-001633,9680-NIAUV,Total outage in Marioshire since 06 May 2026. When will service be restored?,Network,High,0.6748
TKT-001634,9039-ZVJDC,I received a faulty ONT device. It's not syncing and LED shows red.,Hardware,High,0.6416
TKT-001635,0687-ZVTHB,I received a faulty ONT device. It's not syncing and LED shows red.,Hardware,Low,0.444
TKT-001636,2842-BCQGE,My bill for February seems incorrect. I was charged $268 but my plan is $70.,Billing,High,0.5441
TKT-001637,0040-HALCW,My bill for April seems incorrect. I was charged $96 but my plan is $46.,Billing,Low,0.2412
TKT-001638,6435-SRWBJ,Total outage in Williamsbury since 23 Sep 2026. When will service be restored?,Network,High,0.7732
TKT-001639,2706-QZIHY,Please help me understand my itemised charges totalling $132.,Billing,Low,0.1861
TKT-001640,6646-QVXLR,The ping to international servers is 681ms — far worse than usual.,Network,High,0.7054
TKT-001641,7980-MHFLQ,My auto-payment failed. Please confirm the status for $488 due on 15 Aug 2026.,Billing,High,0.6641
TKT-001642,7233-IOQNP,Why does my bill show an extra data overage charge of $163 this cycle?,Billing,High,0.4342
TKT-001643,7916-VCCPB,My bill for October seems incorrect. I was charged $481 but my plan is $182.,Billing,High,0.5639
TKT-001644,4257-GAESD,My auto-payment failed. Please confirm the status for $497 due on 16 Feb 2026.,Billing,Low,0.1702
TKT-001645,7598-UAASY,I never received my invoice for November. Please resend to newtonmorgan@example.org.,Billing,Low,0.1649
TKT-001646,1442-OKRJE,Packet loss is at 6% causing issues with online gaming and work VPN.,Network,High,0.6123
TKT-001647,7137-RYLPP,I want to dispute a late fee of $155 that appeared on my latest bill.,Billing,High,0.5013
TKT-001648,5125-CNDSP,My set-top box (model XG-9306) reboots randomly every 42 hours.,Hardware,Low,0.3786
TKT-001649,4724-WXVWF,My auto-payment failed. Please confirm the status for $272 due on 28 Aug 2026.,Billing,High,0.7177
TKT-001650,0746-JTRFU,I noticed a duplicate charge of $264 on my account dated 28 Apr 2026.,Billing,High,0.681
TKT-001651,1661-CZBAU,Total outage in North Kevinview since 25 May 2026. When will service be restored?,Network,Low,0.2431
TKT-001652,4636-TVXVG,I noticed a duplicate charge of $291 on my account dated 21 Mar 2026.,Billing,High,0.4959
TKT-001653,9424-CMPOG,The ping to international servers is 324ms — far worse than usual.,Network,High,0.5392
TKT-001654,2984-RGEYA,I've been experiencing slow internet speeds in North Tylermouth for the past 18 days.,Network,Low,0.1973
TKT-001655,3308-DGHKL,Video calls keep freezing. Upload speed is only 14 Mbps on a 62 plan.,Network,Low,0.4803
TKT-001656,3995-WFCSM,Packet loss is at 25% causing issues with online gaming and work VPN.,Network,Low,0.2907
TKT-001657,6158-HDPXZ,I want to dispute a late fee of $345 that appeared on my latest bill.,Billing,Low,0.1786
TKT-001658,6421-SZVEM,I noticed a duplicate charge of $180 on my account dated 22 May 2026.,Billing,Low,0.3963
TKT-001659,2018-QKYGT,The battery backup on my router depletes in 28 minutes — it used to last hours.,Hardware,High,0.5397
TKT-001660,5546-BYZSM,Video calls keep freezing. Upload speed is only 13 Mbps on a 147 plan.,Network,High,0.4623
TKT-001661,4990-ALDGW,Screen on my managed WiFi extender is cracked after delivery. Need replacement.,Hardware,High,0.4567
TKT-001662,7029-IJEJK,Please help me understand my itemised charges totalling $271.,Billing,High,0.6237
TKT-001663,6233-HXJMX,My auto-payment failed. Please confirm the status for $195 due on 21 Mar 2026.,Billing,High,0.674
TKT-001664,1352-VHKAJ,My auto-payment failed. Please confirm the status for $170 due on 02 Aug 2026.,Billing,Low,0.1738
TKT-001665,5543-QDCRY,Video calls keep freezing. Upload speed is only 14 Mbps on a 116 plan.,Network,High,0.7711
TKT-001666,9356-AXGMP,I received a faulty ONT device. It's not syncing and LED shows red.,Hardware,Low,0.3978
TKT-001667,3161-GETRM,WiFi keeps disconnecting on all 9 devices. ISP modem lights look normal.,Network,Low,0.4469
TKT-001668,6036-TTFYU,Total outage in East Maria since 07 Feb 2026. When will service be restored?,Network,High,0.5297
TKT-001669,3969-GYXEL,My 5G signal is extremely weak even with full bars showing on my handset.,Network,High,0.4677
TKT-001670,9057-MSWCO,I received a faulty ONT device. It's not syncing and LED shows red.,Hardware,Low,0.4036
TKT-001671,6481-OGDOO,I've been experiencing slow internet speeds in Michaelview for the past 2 days.,Network,Low,0.257
TKT-001672,2311-QYMUQ,Screen on my managed WiFi extender is cracked after delivery. Need replacement.,Hardware,High,0.6166
TKT-001673,8541-QVFKM,I've been experiencing slow internet speeds in Kingland for the past 26 days.,Network,Low,0.416
TKT-001674,7945-HLKEA,WiFi keeps disconnecting on all 3 devices. ISP modem lights look normal.,Network,Low,0.1949
TKT-001675,9747-DDZOS,My bill for August seems incorrect. I was charged $379 but my plan is $159.,Billing,Low,0.3733
TKT-001676,5590-ZSKRV,My connection drops every 22 hours. I've already restarted my router.,Network,Low,0.4785
TKT-001677,6250-CGGUN,WiFi keeps disconnecting on all 5 devices. ISP modem lights look normal.,Network,Low,0.4049
TKT-001678,3313-QKNKB,I was promised a discount of $24/month but my bill still shows full price.,Billing,Low,0.2544
TKT-001679,4393-RYCRE,The ping to international servers is 596ms — far worse than usual.,Network,Low,0.4568
TKT-001680,3508-VLHCZ,I noticed a duplicate charge of $470 on my account dated 12 Mar 2026.,Billing,Low,0.2846
TKT-001681,2190-PHBHR,I've been experiencing slow internet speeds in South Tylerchester for the past 21 days.,Network,Low,0.4107
TKT-001682,7471-MQPOS,My connection drops every 25 hours. I've already restarted my router.,Network,Low,0.4372
TKT-001683,6778-EICRF,Please help me understand my itemised charges totalling $20.,Billing,High,0.6623
TKT-001684,9840-DVNDC,I received a faulty ONT device. It's not syncing and LED shows red.,Hardware,Low,0.2007
TKT-001685,4797-MIWUM,I've been experiencing slow internet speeds in New Bernardborough for the past 12 days.,Network,Low,0.1912
TKT-001686,6476-YHMGA,I noticed a duplicate charge of $327 on my account dated 27 Apr 2026.,Billing,Low,0.1834
TKT-001687,5149-QYTTU,My set-top box (model XG-6183) reboots randomly every 7 hours.,Hardware,Low,0.276
TKT-001688,1373-ORVIZ,I noticed a duplicate charge of $198 on my account dated 24 Mar 2026.,Billing,High,0.5768
TKT-001689,6166-YIPFO,Total outage in South Williamland since 28 Jan 2026. When will service be restored?,Network,Low,0.3539
TKT-001690,1855-CFULU,My bill for July seems incorrect. I was charged $429 but my plan is $60.,Billing,High,0.5383
TKT-001691,9972-NKTFD,Screen on my managed WiFi extender is cracked after delivery. Need replacement.,Hardware,Low,0.3754
TKT-001692,8845-LWKGE,My connection drops every 32 hours. I've already restarted my router.,Network,Low,0.4696
TKT-001693,1685-VAYJF,I noticed a duplicate charge of $184 on my account dated 21 Aug 2026.,Billing,Low,0.1864
TKT-001694,2919-HBCJO,I've been experiencing slow internet speeds in Kevinside for the past 26 days.,Network,High,0.7078
TKT-001695,0895-LMRSF,Packet loss is at 18% causing issues with online gaming and work VPN.,Network,Low,0.3873
TKT-001696,9909-DFRJA,I want to dispute a late fee of $396 that appeared on my latest bill.,Billing,Low,0.2831
TKT-001697,5202-IVJNU,I want to dispute a late fee of $126 that appeared on my latest bill.,Billing,Low,0.166
TKT-001698,4201-JMNGR,I never received my invoice for January. Please resend to michaeltorres@example.com.,Billing,Low,0.3783
TKT-001699,1137-DGOWI,Video calls keep freezing. Upload speed is only 2 Mbps on a 162 plan.,Network,Low,0.4862
TKT-001700,8751-EDEKA,The ping to international servers is 311ms — far worse than usual.,Network,Low,0.4026
TKT-001701,9626-VFRGG,WiFi keeps disconnecting on all 8 devices. ISP modem lights look normal.,Network,Low,0.4713
TKT-001702,2806-MLNTI,The ping to international servers is 502ms — far worse than usual.,Network,Low,0.4945
TKT-001703,5480-XTFFL,Why does my bill show an extra data overage charge of $408 this cycle?,Billing,Low,0.2232
TKT-001704,2430-USGXP,My connection drops every 29 hours. I've already restarted my router.,Network,Low,0.3734
TKT-001705,0057-QBUQH,Why does my bill show an extra data overage charge of $220 this cycle?,Billing,Low,0.2659
TKT-001706,7610-TVOPG,One of the ethernet ports on the router stopped working after a power cut.,Hardware,Low,0.4453
TKT-001707,6502-MJQAE,Video calls keep freezing. Upload speed is only 5 Mbps on a 83 plan.,Network,Low,0.1828
TKT-001708,3253-HKOKL,I never received my invoice for August. Please resend to justin33@example.org.,Billing,High,0.5443
TKT-001709,1485-YDHMM,I noticed a duplicate charge of $226 on my account dated 28 Feb 2026.,Billing,Low,0.4064
TKT-001710,1195-OIYEJ,Screen on my managed WiFi extender is cracked after delivery. Need replacement.,Hardware,High,0.4994
TKT-001711,0550-DCXLH,Video calls keep freezing. Upload speed is only 14 Mbps on a 37 plan.,Network,High,0.7257
TKT-001712,2270-CHBFN,The ping to international servers is 659ms — far worse than usual.,Network,High,0.584
TKT-001713,9962-BFPDU,My bill for October seems incorrect. I was charged $481 but my plan is $85.,Billing,Low,0.443
TKT-001714,7014-ZZXAW,One of the ethernet ports on the router stopped working after a power cut.,Hardware,High,0.7092
TKT-001715,8058-DMYRU,I noticed a duplicate charge of $451 on my account dated 28 Aug 2026.,Billing,Low,0.2055
TKT-001716,6350-XFYGW,I've been experiencing slow internet speeds in West Michael for the past 25 days.,Network,High,0.7196
TKT-001717,7379-FNIUJ,My modem (XG-3952) isn't detected by the technician's mobile app.,Hardware,Low,0.2179
TKT-001718,5158-RIVOP,My connection drops every 23 hours. I've already restarted my router.,Network,Low,0.3622
TKT-001719,8033-ATFAS,The ping to international servers is 270ms — far worse than usual.,Network,High,0.6805
TKT-001720,0921-OHLVP,WiFi keeps disconnecting on all 9 devices. ISP modem lights look normal.,Network,High,0.7404
TKT-001721,2227-JRSJX,My 5G signal is extremely weak even with full bars showing on my handset.,Network,Low,0.1586
TKT-001722,9919-YLNNG,I noticed a duplicate charge of $299 on my account dated 31 Jan 2026.,Billing,High,0.4771
TKT-001723,6292-TOSSS,My 5G signal is extremely weak even with full bars showing on my handset.,Network,High,0.6992
TKT-001724,0375-HVGXO,I received a faulty ONT device. It's not syncing and LED shows red.,Hardware,Low,0.2972
TKT-001725,0454-OKRCT,Total outage in Transtad since 09 Feb 2026. When will service be restored?,Network,Low,0.3235
TKT-001726,6435-SRWBJ,Total outage in Melissaview since 11 Mar 2026. When will service be restored?,Network,Low,0.1693
TKT-001727,3967-KXAPS,I've been experiencing slow internet speeds in Port David for the past 24 days.,Network,High,0.5719
TKT-001728,5494-WOZRZ,My connection drops every 29 hours. I've already restarted my router.,Network,High,0.7528
TKT-001729,1641-RQDAY,Total outage in Piercefurt since 27 May 2026. When will service be restored?,Network,Low,0.1608
TKT-001730,2928-HLDBA,I was promised a discount of $103/month but my bill still shows full price.,Billing,High,0.5388
TKT-001731,3174-AKMAS,Video calls keep freezing. Upload speed is only 8 Mbps on a 131 plan.,Network,Low,0.4808
TKT-001732,7013-PSXHK,The ping to international servers is 620ms — far worse than usual.,Network,Low,0.1678
TKT-001733,7129-ACFOG,My set-top box (model XG-3594) reboots randomly every 8 hours.,Hardware,High,0.6624
TKT-001734,7632-YUTXB,I want to dispute a late fee of $171 that appeared on my latest bill.,Billing,Low,0.1902
TKT-001735,1866-ZSLJM,Packet loss is at 13% causing issues with online gaming and work VPN.,Network,Low,0.4533
TKT-001736,9609-BENEA,My bill for February seems incorrect. I was charged $274 but my plan is $143.,Billing,High,0.6611
TKT-001737,9224-VTYID,One of the ethernet ports on the router stopped working after a power cut.,Hardware,Low,0.41
TKT-001738,3985-HOYPM,I noticed a duplicate charge of $312 on my account dated 06 Mar 2026.,Billing,High,0.4756
TKT-001739,8591-TKMZH,I was promised a discount of $434/month but my bill still shows full price.,Billing,Low,0.286
TKT-001740,5312-IRCFR,My bill for May seems incorrect. I was charged $94 but my plan is $117.,Billing,Low,0.3727
TKT-001741,5074-FBGHB,Why does my bill show an extra data overage charge of $386 this cycle?,Billing,Low,0.186
TKT-001742,2599-CZABP,Video calls keep freezing. Upload speed is only 16 Mbps on a 160 plan.,Network,High,0.5308
TKT-001743,2101-RANCD,Packet loss is at 15% causing issues with online gaming and work VPN.,Network,High,0.4595
TKT-001744,2273-QCKXA,My connection drops every 47 hours. I've already restarted my router.,Network,High,0.7855
TKT-001745,9957-YODKZ,One of the ethernet ports on the router stopped working after a power cut.,Hardware,Low,0.3485
TKT-001746,7486-KSRVI,I received a faulty ONT device. It's not syncing and LED shows red.,Hardware,Low,0.3224
TKT-001747,7579-OOPEC,I've been experiencing slow internet speeds in Webbmouth for the past 13 days.,Network,Low,0.4104
TKT-001748,2560-PPCHE,Please help me understand my itemised charges totalling $438.,Billing,High,0.5861
TKT-001749,9620-QJREV,My auto-payment failed. Please confirm the status for $135 due on 27 Feb 2026.,Billing,High,0.5666
TKT-001750,3137-NYQQI,I noticed a duplicate charge of $496 on my account dated 30 Jul 2026.,Billing,High,0.5573
TKT-001751,8337-UPOAQ,Please help me understand my itemised charges totalling $347.,Billing,Low,0.3242
TKT-001752,9646-NMHXE,The ping to international servers is 115ms — far worse than usual.,Network,High,0.5205
TKT-001753,1498-DQNRX,My 5G signal is extremely weak even with full bars showing on my handset.,Network,High,0.7608
TKT-001754,7109-CQYUZ,I noticed a duplicate charge of $16 on my account dated 22 Apr 2026.,Billing,Low,0.3841
TKT-001755,3410-MHHUM,I noticed a duplicate charge of $209 on my account dated 01 Feb 2026.,Billing,Low,0.2223
TKT-001756,3457-PQBYH,The battery backup on my router depletes in 24 minutes — it used to last hours.,Hardware,Low,0.3025
TKT-001757,9571-EDEBV,I want to dispute a late fee of $460 that appeared on my latest bill.,Billing,Low,0.1494
TKT-001758,0867-MKZVY,I noticed a duplicate charge of $437 on my account dated 01 Feb 2026.,Billing,Low,0.4403
TKT-001759,3450-WXOAT,Total outage in Dillonmouth since 11 Feb 2026. When will service be restored?,Network,High,0.766
TKT-001760,4450-YOOHP,Packet loss is at 21% causing issues with online gaming and work VPN.,Network,Low,0.4727
TKT-001761,7623-TRNQN,Packet loss is at 40% causing issues with online gaming and work VPN.,Network,Low,0.2663
TKT-001762,5357-TZHPP,Total outage in Lake Eric since 02 Apr 2026. When will service be restored?,Network,Low,0.2092
TKT-001763,7064-FRRSW,Packet loss is at 16% causing issues with online gaming and work VPN.,Network,Low,0.2241
TKT-001764,7921-BEPCI,My bill for June seems incorrect. I was charged $437 but my plan is $38.,Billing,Low,0.1315
TKT-001765,3727-JEZTU,I was promised a discount of $387/month but my bill still shows full price.,Billing,Low,0.142
TKT-001766,5564-NEMQO,The ping to international servers is 459ms — far worse than usual.,Network,Low,0.175
TKT-001767,0455-XFASS,I was promised a discount of $396/month but my bill still shows full price.,Billing,Low,0.4464
TKT-001768,6906-MPARY,My set-top box (model XG-1181) reboots randomly every 29 hours.,Hardware,High,0.4259
TKT-001769,4826-XTSOH,My bill for February seems incorrect. I was charged $367 but my plan is $146.,Billing,Low,0.1464
TKT-001770,5206-HPJKM,My bill for January seems incorrect. I was charged $182 but my plan is $39.,Billing,Low,0.3895
TKT-001771,4443-EMBNA,I was promised a discount of $257/month but my bill still shows full price.,Billing,Low,0.3031
TKT-001772,1769-GRUIK,Video calls keep freezing. Upload speed is only 19 Mbps on a 135 plan.,Network,High,0.721
TKT-001773,3663-MITLP,I was promised a discount of $178/month but my bill still shows full price.,Billing,Low,0.3208
TKT-001774,0999-QXNSA,I want to dispute a late fee of $358 that appeared on my latest bill.,Billing,High,0.7088
TKT-001775,9317-WZPGV,The battery backup on my router depletes in 19 minutes — it used to last hours.,Hardware,Low,0.3235
TKT-001776,0486-LGCCH,My 5G signal is extremely weak even with full bars showing on my handset.,Network,High,0.6327
TKT-001777,1696-MZVAU,I never received my invoice for April. Please resend to langjoshua@example.net.,Billing,Low,0.3495
TKT-001778,8224-KDLKN,I never received my invoice for April. Please resend to crawfordbetty@example.net.,Billing,High,0.5566
TKT-001779,2889-FPWRM,Video calls keep freezing. Upload speed is only 8 Mbps on a 112 plan.,Network,Low,0.2711
TKT-001780,8976-OQHGT,I want to dispute a late fee of $322 that appeared on my latest bill.,Billing,Low,0.2637
TKT-001781,7515-LODFU,My modem (XG-2850) isn't detected by the technician's mobile app.,Hardware,High,0.4594
TKT-001782,1027-LKKQQ,Screen on my managed WiFi extender is cracked after delivery. Need replacement.,Hardware,Low,0.3788
TKT-001783,8191-XWSZG,The battery backup on my router depletes in 30 minutes — it used to last hours.,Hardware,Low,0.1912
TKT-001784,4418-LZMSV,My set-top box (model XG-7787) reboots randomly every 45 hours.,Hardware,High,0.4537
TKT-001785,3714-NTNFO,I was promised a discount of $334/month but my bill still shows full price.,Billing,Low,0.1862
TKT-001786,2575-GFSOE,My bill for July seems incorrect. I was charged $62 but my plan is $127.,Billing,Low,0.3947
TKT-001787,5980-BDHPY,WiFi keeps disconnecting on all 8 devices. ISP modem lights look normal.,Network,Low,0.2656
TKT-001788,0224-RLWWD,My auto-payment failed. Please confirm the status for $25 due on 07 Jul 2026.,Billing,Low,0.3401
TKT-001789,4525-VZCZG,Video calls keep freezing. Upload speed is only 10 Mbps on a 136 plan.,Network,High,0.7497
TKT-001790,8443-ZRDBZ,I never received my invoice for March. Please resend to deborah60@example.com.,Billing,Low,0.1272
TKT-001791,5955-ERIHD,I've been experiencing slow internet speeds in Davidton for the past 22 days.,Network,High,0.7178
TKT-001792,7029-RPUAV,My bill for July seems incorrect. I was charged $295 but my plan is $38.,Billing,Low,0.2077
TKT-001793,8999-EXMNO,Video calls keep freezing. Upload speed is only 9 Mbps on a 137 plan.,Network,High,0.5258
TKT-001794,7721-DVEKZ,I received a faulty ONT device. It's not syncing and LED shows red.,Hardware,High,0.6411
TKT-001795,1133-KXCGE,Video calls keep freezing. Upload speed is only 7 Mbps on a 71 plan.,Network,High,0.7684
TKT-001796,0430-IHCDJ,Why does my bill show an extra data overage charge of $137 this cycle?,Billing,High,0.5033
TKT-001797,8189-DUKMV,WiFi keeps disconnecting on all 4 devices. ISP modem lights look normal.,Network,Low,0.3491
TKT-001798,0674-DGMAQ,Total outage in Josephton since 06 Jun 2026. When will service be restored?,Network,High,0.5514
TKT-001799,3091-FYHKI,My auto-payment failed. Please confirm the status for $457 due on 27 Jan 2026.,Billing,Low,0.294
TKT-001800,8443-WVPSS,WiFi keeps disconnecting on all 8 devices. ISP modem lights look normal.,Network,Low,0.3677
TKT-001801,3638-VBZTA,The ping to international servers is 641ms — far worse than usual.,Network,Low,0.3636
TKT-001802,1730-VFMWO,Packet loss is at 13% causing issues with online gaming and work VPN.,Network,Low,0.3682
TKT-001803,6968-MHOMU,I never received my invoice for July. Please resend to brianclark@example.net.,Billing,Low,0.1473
TKT-001804,8741-LQOBK,The ping to international servers is 704ms — far worse than usual.,Network,Low,0.3927
TKT-001805,6861-XWTWQ,WiFi keeps disconnecting on all 9 devices. ISP modem lights look normal.,Network,High,0.6862
TKT-001806,5171-EPLKN,My bill for January seems incorrect. I was charged $164 but my plan is $61.,Billing,Low,0.3389
TKT-001807,0691-IFBQW,Packet loss is at 43% causing issues with online gaming and work VPN.,Network,High,0.4759
TKT-001808,7301-ABVAD,My bill for February seems incorrect. I was charged $469 but my plan is $47.,Billing,High,0.5564
TKT-001809,2202-CUYXZ,My connection drops every 42 hours. I've already restarted my router.,Network,Low,0.2932
TKT-001810,7850-VWJUU,My modem (XG-3169) isn't detected by the technician's mobile app.,Hardware,Low,0.1303
TKT-001811,0254-FNMCI,The ping to international servers is 263ms — far worse than usual.,Network,Low,0.2278
TKT-001812,7269-JISCY,I received a faulty ONT device. It's not syncing and LED shows red.,Hardware,Low,0.2543
TKT-001813,1548-FEHVL,The optical port on my router is damaged and blinking orange.,Hardware,Low,0.36
TKT-001814,1403-LKLIK,Video calls keep freezing. Upload speed is only 12 Mbps on a 31 plan.,Network,Low,0.233
TKT-001815,2235-ZGKPT,I noticed a duplicate charge of $489 on my account dated 02 Apr 2026.,Billing,High,0.6904
TKT-001816,2754-VDLTR,One of the ethernet ports on the router stopped working after a power cut.,Hardware,Low,0.291
TKT-001817,1644-IRKSF,Why does my bill show an extra data overage charge of $445 this cycle?,Billing,Low,0.3661
TKT-001818,5173-ZXXXL,WiFi keeps disconnecting on all 4 devices. ISP modem lights look normal.,Network,High,0.6154
TKT-001819,5074-FBGHB,The optical port on my router is damaged and blinking red.,Hardware,High,0.5747
TKT-001820,9972-EWRJS,I want to dispute a late fee of $446 that appeared on my latest bill.,Billing,High,0.6169
TKT-001821,7841-TZDMQ,WiFi keeps disconnecting on all 2 devices. ISP modem lights look normal.,Network,High,0.7748
TKT-001822,3003-CMDUU,My connection drops every 3 hours. I've already restarted my router.,Network,High,0.6221
TKT-001823,0515-YPMCW,Packet loss is at 21% causing issues with online gaming and work VPN.,Network,Low,0.335
TKT-001824,7610-TVOPG,The battery backup on my router depletes in 30 minutes — it used to last hours.,Hardware,Low,0.3107
TKT-001825,7159-NOKYQ,Screen on my managed WiFi extender is cracked after delivery. Need replacement.,Hardware,Low,0.3581
TKT-001826,0234-TEVTT,My bill for May seems incorrect. I was charged $310 but my plan is $92.,Billing,Low,0.1251
TKT-001827,5331-RGMTT,My modem (XG-7268) isn't detected by the technician's mobile app.,Hardware,Low,0.2805
TKT-001828,9277-JOOMO,My bill for August seems incorrect. I was charged $132 but my plan is $161.,Billing,High,0.5686
TKT-001829,1088-CNNKB,My set-top box (model XG-7260) reboots randomly every 11 hours.,Hardware,Low,0.4226
TKT-001830,9643-YBLUR,My modem (XG-1909) isn't detected by the technician's mobile app.,Hardware,Low,0.2727
TKT-001831,3594-UVONA,I want to dispute a late fee of $144 that appeared on my latest bill.,Billing,Low,0.2639
TKT-001832,6122-LJADA,WiFi keeps disconnecting on all 3 devices. ISP modem lights look normal.,Network,High,0.7868
TKT-001833,4801-KFYKL,One of the ethernet ports on the router stopped working after a power cut.,Hardware,Low,0.2577
TKT-001834,7909-FIOIY,One of the ethernet ports on the router stopped working after a power cut.,Hardware,Low,0.1633
TKT-001835,6024-RUGGH,Screen on my managed WiFi extender is cracked after delivery. Need replacement.,Hardware,High,0.4759
TKT-001836,3057-VJJQE,My set-top box (model XG-9713) reboots randomly every 24 hours.,Hardware,Low,0.1333
TKT-001837,2696-ECXKC,I never received my invoice for August. Please resend to castroralph@example.net.,Billing,Low,0.1002
TKT-001838,2144-ESWKO,Packet loss is at 36% causing issues with online gaming and work VPN.,Network,Low,0.3012
TKT-001839,9172-JITSM,Why does my bill show an extra data overage charge of $369 this cycle?,Billing,Low,0.3692
TKT-001840,5868-YTYKS,One of the ethernet ports on the router stopped working after a power cut.,Hardware,Low,0.3567
TKT-001841,0177-PXBAT,Why does my bill show an extra data overage charge of $485 this cycle?,Billing,Low,0.1113
TKT-001842,9294-TDIPC,I received a faulty ONT device. It's not syncing and LED shows red.,Hardware,Low,0.2995
TKT-001843,9541-ZPSEA,My connection drops every 3 hours. I've already restarted my router.,Network,Low,0.204
TKT-001844,3992-YWPKO,Packet loss is at 15% causing issues with online gaming and work VPN.,Network,Low,0.4794
TKT-001845,1891-UAWWU,The battery backup on my router depletes in 6 minutes — it used to last hours.,Hardware,Low,0.1586
TKT-001846,8659-IOOPU,My SIM card appears to be defective — ICCID shows error on two different handsets.,Hardware,Low,0.3193
TKT-001847,4132-POCZS,My 5G signal is extremely weak even with full bars showing on my handset.,Network,Low,0.2642
TKT-001848,4883-KCPZJ,I was promised a discount of $188/month but my bill still shows full price.,Billing,High,0.6245
TKT-001849,1131-SUEKT,Why does my bill show an extra data overage charge of $86 this cycle?,Billing,Low,0.2443
TKT-001850,0048-PIHNL,I was promised a discount of $62/month but my bill still shows full price.,Billing,High,0.6659
TKT-001851,7688-AWMDX,Video calls keep freezing. Upload speed is only 1 Mbps on a 137 plan.,Network,Low,0.2307
TKT-001852,6620-JDYNW,My bill for July seems incorrect. I was charged $46 but my plan is $125.,Billing,High,0.717
TKT-001853,3468-DRVQJ,I noticed a duplicate charge of $171 on my account dated 04 Aug 2026.,Billing,High,0.5751
TKT-001854,2190-BCXEC,My 5G signal is extremely weak even with full bars showing on my handset.,Network,Low,0.4146
TKT-001855,6418-PIQSP,Packet loss is at 42% causing issues with online gaming and work VPN.,Network,Low,0.4474
TKT-001856,9090-SGQXL,My connection drops every 34 hours. I've already restarted my router.,Network,Low,0.4996
TKT-001857,8727-XDPUD,Total outage in South Morganfurt since 25 Jul 2026. When will service be restored?,Network,Low,0.2284
TKT-001858,3755-JBMNH,Please help me understand my itemised charges totalling $212.,Billing,Low,0.2004
TKT-001859,3462-BJQQA,The optical port on my router is damaged and blinking orange.,Hardware,Low,0.1877
TKT-001860,0670-ANMUU,My SIM card appears to be defective — ICCID shows error on two different handsets.,Hardware,High,0.492
TKT-001861,3913-RDSJZ,One of the ethernet ports on the router stopped working after a power cut.,Hardware,High,0.6039
TKT-001862,6551-ZCOTS,Video calls keep freezing. Upload speed is only 8 Mbps on a 72 plan.,Network,Low,0.4977
TKT-001863,0621-CXBKL,My bill for October seems incorrect. I was charged $79 but my plan is $91.,Billing,Low,0.4466
TKT-001864,4135-FRWKJ,Total outage in North Codymouth since 03 May 2026. When will service be restored?,Network,Low,0.3344
TKT-001865,6954-OOYZZ,I never received my invoice for October. Please resend to stephenscatherine@example.org.,Billing,High,0.6237
TKT-001866,1015-JPFYW,I never received my invoice for March. Please resend to zrobinson@example.net.,Billing,Low,0.401
TKT-001867,3422-WJOYD,My bill for September seems incorrect. I was charged $11 but my plan is $130.,Billing,Low,0.4265
TKT-001868,8421-WZOOW,I never received my invoice for June. Please resend to ayu@example.net.,Billing,Low,0.1714
TKT-001869,4229-CZMLL,My bill for October seems incorrect. I was charged $498 but my plan is $131.,Billing,Low,0.285
TKT-001870,4360-PNRQB,My auto-payment failed. Please confirm the status for $203 due on 05 Apr 2026.,Billing,Low,0.3915
TKT-001871,5103-MHMHY,My connection drops every 31 hours. I've already restarted my router.,Network,Low,0.2561
TKT-001872,1213-NGCUN,Screen on my managed WiFi extender is cracked after delivery. Need replacement.,Hardware,Low,0.2539
TKT-001873,1041-RXHRA,I was promised a discount of $435/month but my bill still shows full price.,Billing,Low,0.445
TKT-001874,4282-ACRXS,The ping to international servers is 687ms — far worse than usual.,Network,High,0.7948
TKT-001875,7130-CTCUS,My auto-payment failed. Please confirm the status for $63 due on 27 Feb 2026.,Billing,Low,0.4171
TKT-001876,9108-EJFJP,My connection drops every 46 hours. I've already restarted my router.,Network,Low,0.4295
TKT-001877,7137-RYLPP,Total outage in New Heatherville since 12 May 2026. When will service be restored?,Network,High,0.5442
TKT-001878,9754-CLVZW,I noticed a duplicate charge of $76 on my account dated 20 Feb 2026.,Billing,Low,0.2123
TKT-001879,1846-XWOQN,Why does my bill show an extra data overage charge of $126 this cycle?,Billing,High,0.5915
TKT-001880,3662-FXJFO,I want to dispute a late fee of $490 that appeared on my latest bill.,Billing,Low,0.2963
TKT-001881,3571-DPYUH,Video calls keep freezing. Upload speed is only 17 Mbps on a 62 plan.,Network,Low,0.3269
TKT-001882,7251-XFOIL,My 5G signal is extremely weak even with full bars showing on my handset.,Network,High,0.6728
TKT-001883,4702-HDRKD,Screen on my managed WiFi extender is cracked after delivery. Need replacement.,Hardware,High,0.5429
TKT-001884,6416-TVAIH,The ping to international servers is 297ms — far worse than usual.,Network,Low,0.4122
TKT-001885,4801-JZAZL,Please help me understand my itemised charges totalling $88.,Billing,Low,0.2167
TKT-001886,1843-TLSGD,I never received my invoice for February. Please resend to justin20@example.net.,Billing,Low,0.2157
TKT-001887,0829-XXPLX,Screen on my managed WiFi extender is cracked after delivery. Need replacement.,Hardware,Low,0.1445
TKT-001888,7322-OCWHC,My bill for December seems incorrect. I was charged $13 but my plan is $43.,Billing,Low,0.166
TKT-001889,6586-PSJOX,I've been experiencing slow internet speeds in Annetteport for the past 14 days.,Network,High,0.7477
TKT-001890,7641-EUYET,I want to dispute a late fee of $45 that appeared on my latest bill.,Billing,High,0.5562
TKT-001891,8380-MQINP,I was promised a discount of $18/month but my bill still shows full price.,Billing,High,0.4798
TKT-001892,7663-RGWBC,My auto-payment failed. Please confirm the status for $33 due on 03 Jul 2026.,Billing,Low,0.3658
TKT-001893,5203-XEHAX,Packet loss is at 19% causing issues with online gaming and work VPN.,Network,Low,0.3439
TKT-001894,8473-VUVJN,I've been experiencing slow internet speeds in Susanville for the past 21 days.,Network,Low,0.1574
TKT-001895,8929-KSWIH,Video calls keep freezing. Upload speed is only 12 Mbps on a 98 plan.,Network,Low,0.2607
TKT-001896,4323-SADQS,I've been experiencing slow internet speeds in Berrystad for the past 12 days.,Network,Low,0.212
TKT-001897,6233-HXJMX,Total outage in Stokesville since 02 Sep 2026. When will service be restored?,Network,High,0.6796
TKT-001898,8200-LGKSR,I've been experiencing slow internet speeds in Tinaville for the past 9 days.,Network,High,0.5463
TKT-001899,4774-HHGGS,Video calls keep freezing. Upload speed is only 1 Mbps on a 163 plan.,Network,High,0.4727
TKT-001900,3442-ZHHCC,Please help me understand my itemised charges totalling $350.,Billing,High,0.4192
TKT-001901,8565-HBFNN,I noticed a duplicate charge of $272 on my account dated 22 Aug 2026.,Billing,Low,0.3036
TKT-001902,4712-AUQZO,Video calls keep freezing. Upload speed is only 17 Mbps on a 185 plan.,Network,Low,0.1576
TKT-001903,1866-NXPSP,My modem (XG-7172) isn't detected by the technician's mobile app.,Hardware,Low,0.3971
TKT-001904,0909-SELIE,I want to dispute a late fee of $94 that appeared on my latest bill.,Billing,Low,0.1544
TKT-001905,8779-QRDMV,The ping to international servers is 757ms — far worse than usual.,Network,Low,0.3623
TKT-001906,4302-ZYFEL,My connection drops every 10 hours. I've already restarted my router.,Network,Low,0.3056
TKT-001907,5950-AAAGJ,My bill for July seems incorrect. I was charged $487 but my plan is $137.,Billing,Low,0.255
TKT-001908,6646-QVXLR,WiFi keeps disconnecting on all 9 devices. ISP modem lights look normal.,Network,Low,0.1751
TKT-001909,1395-OFUWC,I was promised a discount of $171/month but my bill still shows full price.,Billing,High,0.681
TKT-001910,7377-DMMRI,WiFi keeps disconnecting on all 9 devices. ISP modem lights look normal.,Network,Low,0.4626
TKT-001911,1074-AMIOH,Total outage in North Carrietown since 05 Jan 2026. When will service be restored?,Network,Low,0.1539
TKT-001912,2817-NTQDO,Packet loss is at 8% causing issues with online gaming and work VPN.,Network,Low,0.2125
TKT-001913,9074-KGVOX,I was promised a discount of $95/month but my bill still shows full price.,Billing,Low,0.4164
TKT-001914,8332-OSJDW,My bill for January seems incorrect. I was charged $450 but my plan is $69.,Billing,High,0.5923
TKT-001915,7253-UVNDW,My connection drops every 41 hours. I've already restarted my router.,Network,Low,0.2025
TKT-001916,4116-IQRFR,I noticed a duplicate charge of $89 on my account dated 21 Mar 2026.,Billing,High,0.471
TKT-001917,0230-WEQUW,Please help me understand my itemised charges totalling $13.,Billing,Low,0.331
TKT-001918,7492-TAFJD,WiFi keeps disconnecting on all 5 devices. ISP modem lights look normal.,Network,High,0.7037
TKT-001919,6963-KQYQB,I was promised a discount of $348/month but my bill still shows full price.,Billing,High,0.6098
TKT-001920,6968-URWQU,The ping to international servers is 446ms — far worse than usual.,Network,Low,0.4836
TKT-001921,0618-XWMSS,My SIM card appears to be defective — ICCID shows error on two different handsets.,Hardware,Low,0.2729
TKT-001922,0487-VVUVK,Packet loss is at 38% causing issues with online gaming and work VPN.,Network,Low,0.2551
TKT-001923,5515-AKOAJ,My 5G signal is extremely weak even with full bars showing on my handset.,Network,High,0.617
TKT-001924,9825-YCXWZ,WiFi keeps disconnecting on all 7 devices. ISP modem lights look normal.,Network,Low,0.2759
TKT-001925,0023-HGHWL,Please help me understand my itemised charges totalling $68.,Billing,High,0.4785
TKT-001926,6410-LEFEN,I've been experiencing slow internet speeds in Kristatown for the past 8 days.,Network,High,0.4661
TKT-001927,6635-CPNUN,Screen on my managed WiFi extender is cracked after delivery. Need replacement.,Hardware,Low,0.2233
TKT-001928,8914-RBTSB,Total outage in Meghanhaven since 21 Aug 2026. When will service be restored?,Network,Low,0.399
TKT-001929,7608-RGIRO,Please help me understand my itemised charges totalling $197.,Billing,High,0.4065
TKT-001930,3470-BTGQO,Screen on my managed WiFi extender is cracked after delivery. Need replacement.,Hardware,Low,0.2537
TKT-001931,5702-SKUOB,Video calls keep freezing. Upload speed is only 10 Mbps on a 88 plan.,Network,Low,0.3754
TKT-001932,6408-OTUBZ,My 5G signal is extremely weak even with full bars showing on my handset.,Network,High,0.6636
TKT-001933,9099-FTUHS,Please help me understand my itemised charges totalling $373.,Billing,Low,0.3718
TKT-001934,3729-OWRVL,Please help me understand my itemised charges totalling $147.,Billing,Low,0.3837
TKT-001935,9931-KGHOA,I noticed a duplicate charge of $217 on my account dated 24 May 2026.,Billing,Low,0.3491
TKT-001936,8393-DLHGA,My set-top box (model XG-5715) reboots randomly every 36 hours.,Hardware,Low,0.136
TKT-001937,3486-NPGST,I received a faulty ONT device. It's not syncing and LED shows red.,Hardware,Low,0.2663
TKT-001938,5010-IPEAQ,My bill for July seems incorrect. I was charged $304 but my plan is $195.,Billing,Low,0.3112
TKT-001939,5960-WPXQM,The optical port on my router is damaged and blinking orange.,Hardware,Low,0.1859
TKT-001940,4703-MQYKT,I want to dispute a late fee of $99 that appeared on my latest bill.,Billing,Low,0.1149
TKT-001941,0386-CWRGM,WiFi keeps disconnecting on all 2 devices. ISP modem lights look normal.,Network,Low,0.2283
TKT-001942,9909-IDLEK,My connection drops every 20 hours. I've already restarted my router.,Network,Low,0.3092
TKT-001943,4102-HLENU,Total outage in Mallorybury since 06 May 2026. When will service be restored?,Network,Low,0.2949
TKT-001944,6032-IGALN,My set-top box (model XG-2089) reboots randomly every 16 hours.,Hardware,High,0.4618
TKT-001945,9776-CLUJA,Packet loss is at 27% causing issues with online gaming and work VPN.,Network,Low,0.4385
TKT-001946,7925-PNRGI,The ping to international servers is 146ms — far worse than usual.,Network,Low,0.474
TKT-001947,8779-QRDMV,I received a faulty ONT device. It's not syncing and LED shows red.,Hardware,High,0.4705
TKT-001948,2277-BKJKN,My auto-payment failed. Please confirm the status for $303 due on 23 Jul 2026.,Billing,High,0.7254
TKT-001949,6733-LRIZX,The optical port on my router is damaged and blinking red.,Hardware,Low,0.1063
TKT-001950,6519-ZHPXP,My SIM card appears to be defective — ICCID shows error on two different handsets.,Hardware,Low,0.4237
TKT-001951,8854-CCVSQ,Why does my bill show an extra data overage charge of $156 this cycle?,Billing,Low,0.4332
TKT-001952,9208-OLGAQ,Packet loss is at 35% causing issues with online gaming and work VPN.,Network,Low,0.1542
TKT-001953,6663-JOCQO,Packet loss is at 35% causing issues with online gaming and work VPN.,Network,High,0.7171
TKT-001954,2159-TURXX,I've been experiencing slow internet speeds in Gregoryberg for the past 3 days.,Network,Low,0.4896
TKT-001955,3200-MNQTF,Video calls keep freezing. Upload speed is only 14 Mbps on a 146 plan.,Network,Low,0.4671
TKT-001956,8676-OOQEJ,My auto-payment failed. Please confirm the status for $135 due on 17 Jan 2026.,Billing,Low,0.4397
TKT-001957,2924-KHUVI,My auto-payment failed. Please confirm the status for $37 due on 07 Sep 2026.,Billing,Low,0.2926
TKT-001958,1846-XWOQN,My connection drops every 10 hours. I've already restarted my router.,Network,Low,0.1774
TKT-001959,5240-CAOYT,My 5G signal is extremely weak even with full bars showing on my handset.,Network,Low,0.4474
TKT-001960,6195-MELTI,Video calls keep freezing. Upload speed is only 9 Mbps on a 64 plan.,Network,Low,0.3648
TKT-001961,0661-XEYAN,I never received my invoice for October. Please resend to samantharoberts@example.org.,Billing,Low,0.3152
TKT-001962,0727-BNRLG,I want to dispute a late fee of $283 that appeared on my latest bill.,Billing,Low,0.246
TKT-001963,6124-ACRHJ,I was promised a discount of $499/month but my bill still shows full price.,Billing,Low,0.3001
TKT-001964,3097-PYWXL,Why does my bill show an extra data overage charge of $74 this cycle?,Billing,High,0.4538
TKT-001965,8865-TNMNX,Video calls keep freezing. Upload speed is only 14 Mbps on a 179 plan.,Network,Low,0.4089
TKT-001966,6749-UTDVX,Packet loss is at 45% causing issues with online gaming and work VPN.,Network,Low,0.1763
TKT-001967,2018-PZKMU,Total outage in Lake Curtis since 18 Sep 2026. When will service be restored?,Network,Low,0.4054
TKT-001968,3007-FDPEA,The optical port on my router is damaged and blinking orange.,Hardware,High,0.6971
TKT-001969,3272-VUHPV,I want to dispute a late fee of $63 that appeared on my latest bill.,Billing,High,0.5654
TKT-001970,7851-FLGGQ,I want to dispute a late fee of $482 that appeared on my latest bill.,Billing,Low,0.2784
TKT-001971,4817-KEQSP,I was promised a discount of $75/month but my bill still shows full price.,Billing,Low,0.2093
TKT-001972,5716-LIBJC,Screen on my managed WiFi extender is cracked after delivery. Need replacement.,Hardware,Low,0.4393
TKT-001973,1334-PDUKM,The ping to international servers is 431ms — far worse than usual.,Network,High,0.7066
TKT-001974,4946-EDSEW,Why does my bill show an extra data overage charge of $266 this cycle?,Billing,High,0.5291
TKT-001975,8268-YDIXR,One of the ethernet ports on the router stopped working after a power cut.,Hardware,Low,0.1612
TKT-001976,7780-OTDSO,Total outage in Wolffort since 20 Jun 2026. When will service be restored?,Network,High,0.5269
TKT-001977,3074-GQWYX,I've been experiencing slow internet speeds in New Stephanie for the past 16 days.,Network,Low,0.3124
TKT-001978,7576-JMYWV,Screen on my managed WiFi extender is cracked after delivery. Need replacement.,Hardware,High,0.7299
TKT-001979,3429-IFLEM,I never received my invoice for August. Please resend to glenware@example.com.,Billing,High,0.657
TKT-001980,1587-FKLZB,I never received my invoice for April. Please resend to nbailey@example.net.,Billing,Low,0.1753
TKT-001981,3359-DSRKA,I noticed a duplicate charge of $245 on my account dated 02 Apr 2026.,Billing,High,0.7008
TKT-001982,7978-DKUQH,I noticed a duplicate charge of $351 on my account dated 02 Apr 2026.,Billing,Low,0.2324
TKT-001983,5519-YLDGW,WiFi keeps disconnecting on all 7 devices. ISP modem lights look normal.,Network,High,0.7481
TKT-001984,7014-ZZXAW,My connection drops every 11 hours. I've already restarted my router.,Network,Low,0.2346
TKT-001985,8455-HIRAQ,I want to dispute a late fee of $384 that appeared on my latest bill.,Billing,Low,0.3165
TKT-001986,6142-VSJQO,The ping to international servers is 202ms — far worse than usual.,Network,Low,0.4743
TKT-001987,5949-HGVJL,My 5G signal is extremely weak even with full bars showing on my handset.,Network,Low,0.2403
TKT-001988,3966-HRMZA,I noticed a duplicate charge of $215 on my account dated 19 Sep 2026.,Billing,Low,0.3425
TKT-001989,3137-LUPIX,I never received my invoice for January. Please resend to vtaylor@example.net.,Billing,Low,0.4456
TKT-001990,3190-ITQXP,The optical port on my router is damaged and blinking red.,Hardware,Low,0.1527
TKT-001991,7110-BDTWG,Why does my bill show an extra data overage charge of $164 this cycle?,Billing,High,0.4309
TKT-001992,3785-NRHYR,WiFi keeps disconnecting on all 8 devices. ISP modem lights look normal.,Network,Low,0.386
TKT-001993,2233-TXSIU,Please help me understand my itemised charges totalling $60.,Billing,Low,0.2189
TKT-001994,7641-TQFHN,My SIM card appears to be defective — ICCID shows error on two different handsets.,Hardware,Low,0.1249
TKT-001995,5126-RCXYW,WiFi keeps disconnecting on all 5 devices. ISP modem lights look normal.,Network,Low,0.3164
TKT-001996,0238-WHBIQ,Please help me understand my itemised charges totalling $204.,Billing,Low,0.3638
TKT-001997,9974-JFBHQ,My 5G signal is extremely weak even with full bars showing on my handset.,Network,Low,0.2498
TKT-001998,5879-SESNB,Packet loss is at 10% causing issues with online gaming and work VPN.,Network,Low,0.2673
TKT-001999,2533-TIBIX,I was promised a discount of $348/month but my bill still shows full price.,Billing,High,0.696
TKT-002000,3253-HKOKL,Please help me understand my itemised charges totalling $388.,Billing,Low,0.282
